[{"model": "admin.logentry", "pk": 1, "fields": {"action_time": "2023-06-11T21:09:46.669Z", "user": 1, "content_type": 4, "object_id": "2", "object_repr": "new_user", "action_flag": 1, "change_message": "[{\"added\": {}}]"}}, {"model": "admin.logentry", "pk": 2, "fields": {"action_time": "2023-06-11T21:09:53.007Z", "user": 1, "content_type": 4, "object_id": "2", "object_repr": "new_user", "action_flag": 2, "change_message": "[{\"changed\": {\"fields\": [\"Staff status\"]}}]"}}, {"model": "admin.logentry", "pk": 3, "fields": {"action_time": "2023-06-12T08:37:02.521Z", "user": 1, "content_type": 7, "object_id": "1", "object_repr": "Pizza", "action_flag": 1, "change_message": "[{\"added\": {}}]"}}, {"model": "admin.logentry", "pk": 4, "fields": {"action_time": "2023-06-12T08:37:13.894Z", "user": 1, "content_type": 7, "object_id": "2", "object_repr": "Pasta", "action_flag": 1, "change_message": "[{\"added\": {}}]"}}, {"model": "admin.logentry", "pk": 5, "fields": {"action_time": "2023-06-12T08:37:20.715Z", "user": 1, "content_type": 7, "object_id": "3", "object_repr": "Beverages", "action_flag": 1, "change_message": "[{\"added\": {}}]"}}, {"model": "admin.logentry", "pk": 6, "fields": {"action_time": "2023-06-12T08:37:30.262Z", "user": 1, "content_type": 7, "object_id": "4", "object_repr": "Appetizers", "action_flag": 1, "change_message": "[{\"added\": {}}]"}}, {"model": "admin.logentry", "pk": 7, "fields": {"action_time": "2023-06-12T08:48:56.427Z", "user": 1, "content_type": 8, "object_id": "1", "object_repr": "Pepperoni Pizza", "action_flag": 1, "change_message": "[{\"added\": {}}]"}}, {"model": "admin.logentry", "pk": 8, "fields": {"action_time": "2023-06-12T08:53:22.100Z", "user": 1, "content_type": 8, "object_id": "2", "object_repr": "Margherita pizza", "action_flag": 1, "change_message": "[{\"added\": {}}]"}}, {"model": "admin.logentry", "pk": 9, "fields": {"action_time": "2023-06-12T08:55:21.710Z", "user": 1, "content_type": 8, "object_id": "3", "object_repr": "Four Cheese Pizza", "action_flag": 1, "change_message": "[{\"added\": {}}]"}}, {"model": "admin.logentry", "pk": 10, "fields": {"action_time": "2023-06-12T08:57:20.749Z", "user": 1, "content_type": 8, "object_id": "4", "object_repr": "Vegetarian Pizza", "action_flag": 1, "change_message": "[{\"added\": {}}]"}}, {"model": "admin.logentry", "pk": 11, "fields": {"action_time": "2023-06-12T09:02:28.694Z", "user": 1, "content_type": 8, "object_id": "5", "object_repr": "Prosciutto Funghi Pizza", "action_flag": 1, "change_message": "[{\"added\": {}}]"}}, {"model": "admin.logentry", "pk": 12, "fields": {"action_time": "2023-06-12T09:13:31.604Z", "user": 1, "content_type": 8, "object_id": "6", "object_repr": "Carbonara Pasta", "action_flag": 1, "change_message": "[{\"added\": {}}]"}}, {"model": "admin.logentry", "pk": 13, "fields": {"action_time": "2023-06-12T09:16:49.612Z", "user": 1, "content_type": 8, "object_id": "7", "object_repr": "Bolognese Pasta", "action_flag": 1, "change_message": "[{\"added\": {}}]"}}, {"model": "admin.logentry", "pk": 14, "fields": {"action_time": "2023-06-12T09:19:16.814Z", "user": 1, "content_type": 8, "object_id": "7", "object_repr": "Bolognese Pasta", "action_flag": 2, "change_message": "[{\"changed\": {\"fields\": [\"Description\"]}}]"}}, {"model": "admin.logentry", "pk": 15, "fields": {"action_time": "2023-06-12T09:20:49.693Z", "user": 1, "content_type": 8, "object_id": "8", "object_repr": "Tagliatelle with Shrimp in Creamy Sauce", "action_flag": 1, "change_message": "[{\"added\": {}}]"}}, {"model": "admin.logentry", "pk": 16, "fields": {"action_time": "2023-06-12T09:38:36.653Z", "user": 1, "content_type": 8, "object_id": "9", "object_repr": "Spaghetti Aglio e Olio with Shrimp", "action_flag": 1, "change_message": "[{\"added\": {}}]"}}, {"model": "admin.logentry", "pk": 17, "fields": {"action_time": "2023-06-12T09:41:12.598Z", "user": 1, "content_type": 8, "object_id": "10", "object_repr": "Four Cheese Pasta with Truffle", "action_flag": 1, "change_message": "[{\"added\": {}}]"}}, {"model": "admin.logentry", "pk": 18, "fields": {"action_time": "2023-06-12T09:46:22.989Z", "user": 1, "content_type": 8, "object_id": "11", "object_repr": "Aranciata", "action_flag": 1, "change_message": "[{\"added\": {}}]"}}, {"model": "admin.logentry", "pk": 19, "fields": {"action_time": "2023-06-12T09:55:58.522Z", "user": 1, "content_type": 8, "object_id": "12", "object_repr": "Crodino", "action_flag": 1, "change_message": "[{\"added\": {}}]"}}, {"model": "admin.logentry", "pk": 20, "fields": {"action_time": "2023-06-12T09:58:13.354Z", "user": 1, "content_type": 8, "object_id": "13", "object_repr": "Chinotto", "action_flag": 1, "change_message": "[{\"added\": {}}]"}}, {"model": "admin.logentry", "pk": 21, "fields": {"action_time": "2023-06-12T10:00:56.033Z", "user": 1, "content_type": 8, "object_id": "14", "object_repr": "Marochino", "action_flag": 1, "change_message": "[{\"added\": {}}]"}}, {"model": "admin.logentry", "pk": 22, "fields": {"action_time": "2023-06-12T10:03:38.373Z", "user": 1, "content_type": 8, "object_id": "15", "object_repr": "Cedrata", "action_flag": 1, "change_message": "[{\"added\": {}}]"}}, {"model": "admin.logentry", "pk": 23, "fields": {"action_time": "2023-06-12T10:15:13.465Z", "user": 1, "content_type": 8, "object_id": "16", "object_repr": "Bruschetta with Ricotta and Sweet Tomatoes", "action_flag": 1, "change_message": "[{\"added\": {}}]"}}, {"model": "admin.logentry", "pk": 24, "fields": {"action_time": "2023-06-12T10:27:24.285Z", "user": 1, "content_type": 8, "object_id": "17", "object_repr": "Pizzaetta prosciutto fungi", "action_flag": 1, "change_message": "[{\"added\": {}}]"}}, {"model": "admin.logentry", "pk": 25, "fields": {"action_time": "2023-06-12T10:35:24.218Z", "user": 1, "content_type": 8, "object_id": "18", "object_repr": "Tramezzino Sandwich", "action_flag": 1, "change_message": "[{\"added\": {}}]"}}, {"model": "admin.logentry", "pk": 26, "fields": {"action_time": "2023-06-12T10:42:51.754Z", "user": 1, "content_type": 8, "object_id": "19", "object_repr": "Beef Tartare with Parmesan Mousse", "action_flag": 1, "change_message": "[{\"added\": {}}]"}}, {"model": "admin.logentry", "pk": 27, "fields": {"action_time": "2023-06-12T10:56:02.966Z", "user": 1, "content_type": 8, "object_id": "20", "object_repr": "Salmon Tartare with Creamy Soft Cheese", "action_flag": 1, "change_message": "[{\"added\": {}}]"}}, {"model": "admin.logentry", "pk": 28, "fields": {"action_time": "2023-06-12T12:04:48.348Z", "user": 1, "content_type": 8, "object_id": "1", "object_repr": "Pepperoni Pizza", "action_flag": 2, "change_message": "[{\"changed\": {\"fields\": [\"Image\"]}}]"}}, {"model": "admin.logentry", "pk": 29, "fields": {"action_time": "2023-06-12T12:15:49.582Z", "user": 1, "content_type": 9, "object_id": "1", "object_repr": "Pepperoni Pizza_50_2023-06-30 12:15:42+00:00", "action_flag": 1, "change_message": "[{\"added\": {}}]"}}, {"model": "admin.logentry", "pk": 30, "fields": {"action_time": "2023-06-12T12:16:10.519Z", "user": 1, "content_type": 9, "object_id": "2", "object_repr": "Carbonara Pasta_10_2023-06-30 12:16:08+00:00", "action_flag": 1, "change_message": "[{\"added\": {}}]"}}, {"model": "admin.logentry", "pk": 31, "fields": {"action_time": "2023-06-12T12:16:25.319Z", "user": 1, "content_type": 9, "object_id": "3", "object_repr": "Aranciata_15_2023-06-30 12:16:24+00:00", "action_flag": 1, "change_message": "[{\"added\": {}}]"}}, {"model": "admin.logentry", "pk": 32, "fields": {"action_time": "2023-06-12T12:16:42.525Z", "user": 1, "content_type": 9, "object_id": "4", "object_repr": "Bruschetta with Ricotta and Sweet Tomatoes_20_2023-06-30 12:16:41+00:00", "action_flag": 1, "change_message": "[{\"added\": {}}]"}}, {"model": "admin.logentry", "pk": 33, "fields": {"action_time": "2023-06-20T12:53:39.390Z", "user": 1, "content_type": 7, "object_id": "4", "object_repr": "Appetizers", "action_flag": 2, "change_message": "[{\"changed\": {\"fields\": [\"Image\"]}}]"}}, {"model": "admin.logentry", "pk": 34, "fields": {"action_time": "2023-06-20T12:53:54.406Z", "user": 1, "content_type": 7, "object_id": "3", "object_repr": "Beverages", "action_flag": 2, "change_message": "[{\"changed\": {\"fields\": [\"Image\"]}}]"}}, {"model": "admin.logentry", "pk": 35, "fields": {"action_time": "2023-06-20T12:54:11.003Z", "user": 1, "content_type": 7, "object_id": "1", "object_repr": "Pizza", "action_flag": 2, "change_message": "[{\"changed\": {\"fields\": [\"Image\"]}}]"}}, {"model": "admin.logentry", "pk": 36, "fields": {"action_time": "2023-06-20T12:55:57.305Z", "user": 1, "content_type": 7, "object_id": "2", "object_repr": "Pasta", "action_flag": 2, "change_message": "[{\"changed\": {\"fields\": [\"Image\"]}}]"}}, {"model": "admin.logentry", "pk": 37, "fields": {"action_time": "2023-06-20T12:57:44.754Z", "user": 1, "content_type": 7, "object_id": "4", "object_repr": "Appetizers", "action_flag": 2, "change_message": "[{\"changed\": {\"fields\": [\"Image\"]}}]"}}, {"model": "admin.logentry", "pk": 38, "fields": {"action_time": "2023-06-20T12:58:00.881Z", "user": 1, "content_type": 7, "object_id": "3", "object_repr": "Beverages", "action_flag": 2, "change_message": "[{\"changed\": {\"fields\": [\"Image\"]}}]"}}, {"model": "admin.logentry", "pk": 39, "fields": {"action_time": "2023-06-20T12:58:08.699Z", "user": 1, "content_type": 7, "object_id": "2", "object_repr": "Pasta", "action_flag": 2, "change_message": "[{\"changed\": {\"fields\": [\"Image\"]}}]"}}, {"model": "admin.logentry", "pk": 40, "fields": {"action_time": "2023-06-20T12:58:15.350Z", "user": 1, "content_type": 7, "object_id": "1", "object_repr": "Pizza", "action_flag": 2, "change_message": "[{\"changed\": {\"fields\": [\"Image\"]}}]"}}, {"model": "admin.logentry", "pk": 41, "fields": {"action_time": "2023-06-20T13:37:26.833Z", "user": 1, "content_type": 8, "object_id": "2", "object_repr": "Margherita pizza", "action_flag": 2, "change_message": "[{\"changed\": {\"fields\": [\"Image\"]}}]"}}, {"model": "admin.logentry", "pk": 42, "fields": {"action_time": "2023-06-20T13:37:34.198Z", "user": 1, "content_type": 8, "object_id": "3", "object_repr": "Four Cheese Pizza", "action_flag": 2, "change_message": "[{\"changed\": {\"fields\": [\"Image\"]}}]"}}, {"model": "admin.logentry", "pk": 43, "fields": {"action_time": "2023-06-20T13:37:42.057Z", "user": 1, "content_type": 8, "object_id": "4", "object_repr": "Vegetarian Pizza", "action_flag": 2, "change_message": "[{\"changed\": {\"fields\": [\"Image\"]}}]"}}, {"model": "admin.logentry", "pk": 44, "fields": {"action_time": "2023-06-20T13:37:53.635Z", "user": 1, "content_type": 8, "object_id": "5", "object_repr": "Prosciutto Funghi Pizza", "action_flag": 2, "change_message": "[{\"changed\": {\"fields\": [\"Image\"]}}]"}}, {"model": "admin.logentry", "pk": 45, "fields": {"action_time": "2023-06-20T14:03:06.909Z", "user": 1, "content_type": 8, "object_id": "1", "object_repr": "Pepperoni Pizza", "action_flag": 2, "change_message": "[{\"changed\": {\"fields\": [\"Image\"]}}]"}}, {"model": "admin.logentry", "pk": 46, "fields": {"action_time": "2023-06-20T14:04:38.523Z", "user": 1, "content_type": 8, "object_id": "1", "object_repr": "Pepperoni Pizza", "action_flag": 2, "change_message": "[{\"changed\": {\"fields\": [\"Image\"]}}]"}}, {"model": "admin.logentry", "pk": 47, "fields": {"action_time": "2023-06-20T14:06:35.352Z", "user": 1, "content_type": 8, "object_id": "1", "object_repr": "Pepperoni Pizza", "action_flag": 2, "change_message": "[{\"changed\": {\"fields\": [\"Image\"]}}]"}}, {"model": "admin.logentry", "pk": 48, "fields": {"action_time": "2023-06-20T14:07:13.503Z", "user": 1, "content_type": 8, "object_id": "1", "object_repr": "Pepperoni Pizza", "action_flag": 2, "change_message": "[]"}}, {"model": "admin.logentry", "pk": 49, "fields": {"action_time": "2023-06-20T14:07:52.708Z", "user": 1, "content_type": 8, "object_id": "1", "object_repr": "Pepperoni Pizza", "action_flag": 2, "change_message": "[{\"changed\": {\"fields\": [\"Image\"]}}]"}}, {"model": "admin.logentry", "pk": 50, "fields": {"action_time": "2023-06-20T14:10:11.955Z", "user": 1, "content_type": 8, "object_id": "4", "object_repr": "Vegetarian Pizza", "action_flag": 2, "change_message": "[{\"changed\": {\"fields\": [\"Image\"]}}]"}}, {"model": "admin.logentry", "pk": 51, "fields": {"action_time": "2023-06-20T14:20:25.488Z", "user": 1, "content_type": 8, "object_id": "9", "object_repr": "Spaghetti Aglio e Olio with Shrimp", "action_flag": 2, "change_message": "[{\"changed\": {\"fields\": [\"Image\"]}}]"}}, {"model": "admin.logentry", "pk": 52, "fields": {"action_time": "2023-06-20T14:20:33.287Z", "user": 1, "content_type": 8, "object_id": "8", "object_repr": "Tagliatelle with Shrimp in Creamy Sauce", "action_flag": 2, "change_message": "[{\"changed\": {\"fields\": [\"Image\"]}}]"}}, {"model": "admin.logentry", "pk": 53, "fields": {"action_time": "2023-06-20T14:20:48.997Z", "user": 1, "content_type": 8, "object_id": "7", "object_repr": "Bolognese Pasta", "action_flag": 2, "change_message": "[{\"changed\": {\"fields\": [\"Image\"]}}]"}}, {"model": "admin.logentry", "pk": 54, "fields": {"action_time": "2023-06-20T14:20:56.736Z", "user": 1, "content_type": 8, "object_id": "6", "object_repr": "Carbonara Pasta", "action_flag": 2, "change_message": "[{\"changed\": {\"fields\": [\"Image\"]}}]"}}, {"model": "admin.logentry", "pk": 55, "fields": {"action_time": "2023-06-20T14:24:44.967Z", "user": 1, "content_type": 8, "object_id": "10", "object_repr": "Four Cheese Pasta with Truffle", "action_flag": 2, "change_message": "[{\"changed\": {\"fields\": [\"Image\"]}}]"}}, {"model": "admin.logentry", "pk": 56, "fields": {"action_time": "2023-06-21T07:02:48.028Z", "user": 1, "content_type": 8, "object_id": "11", "object_repr": "Aranciata", "action_flag": 2, "change_message": "[{\"changed\": {\"fields\": [\"Image\"]}}]"}}, {"model": "admin.logentry", "pk": 57, "fields": {"action_time": "2023-06-21T07:02:54.879Z", "user": 1, "content_type": 8, "object_id": "12", "object_repr": "Crodino", "action_flag": 2, "change_message": "[{\"changed\": {\"fields\": [\"Image\"]}}]"}}, {"model": "admin.logentry", "pk": 58, "fields": {"action_time": "2023-06-21T07:03:01.260Z", "user": 1, "content_type": 8, "object_id": "13", "object_repr": "Chinotto", "action_flag": 2, "change_message": "[{\"changed\": {\"fields\": [\"Image\"]}}]"}}, {"model": "admin.logentry", "pk": 59, "fields": {"action_time": "2023-06-21T07:03:08.472Z", "user": 1, "content_type": 8, "object_id": "14", "object_repr": "Marochino", "action_flag": 2, "change_message": "[{\"changed\": {\"fields\": [\"Image\"]}}]"}}, {"model": "admin.logentry", "pk": 60, "fields": {"action_time": "2023-06-21T07:03:16.267Z", "user": 1, "content_type": 8, "object_id": "15", "object_repr": "Cedrata", "action_flag": 2, "change_message": "[{\"changed\": {\"fields\": [\"Image\"]}}]"}}, {"model": "admin.logentry", "pk": 61, "fields": {"action_time": "2023-06-21T07:41:22.711Z", "user": 1, "content_type": 8, "object_id": "20", "object_repr": "Salmon Tartare with Creamy Soft Cheese", "action_flag": 2, "change_message": "[{\"changed\": {\"fields\": [\"Image\"]}}]"}}, {"model": "admin.logentry", "pk": 62, "fields": {"action_time": "2023-06-21T07:41:29.286Z", "user": 1, "content_type": 8, "object_id": "19", "object_repr": "Beef Tartare with Parmesan Mousse", "action_flag": 2, "change_message": "[{\"changed\": {\"fields\": [\"Image\"]}}]"}}, {"model": "admin.logentry", "pk": 63, "fields": {"action_time": "2023-06-21T07:41:36.814Z", "user": 1, "content_type": 8, "object_id": "18", "object_repr": "Tramezzino Sandwich", "action_flag": 2, "change_message": "[{\"changed\": {\"fields\": [\"Image\"]}}]"}}, {"model": "admin.logentry", "pk": 64, "fields": {"action_time": "2023-06-21T07:41:43.266Z", "user": 1, "content_type": 8, "object_id": "17", "object_repr": "Pizzaetta prosciutto fungi", "action_flag": 2, "change_message": "[{\"changed\": {\"fields\": [\"Image\"]}}]"}}, {"model": "admin.logentry", "pk": 65, "fields": {"action_time": "2023-06-21T07:41:49.792Z", "user": 1, "content_type": 8, "object_id": "16", "object_repr": "Bruschetta with Ricotta and Sweet Tomatoes", "action_flag": 2, "change_message": "[{\"changed\": {\"fields\": [\"Image\"]}}]"}}, {"model": "admin.logentry", "pk": 66, "fields": {"action_time": "2023-06-22T06:21:57.443Z", "user": 1, "content_type": 8, "object_id": "1", "object_repr": "Pepperoni Pizza", "action_flag": 2, "change_message": "[{\"changed\": {\"fields\": [\"Image\"]}}]"}}, {"model": "admin.logentry", "pk": 67, "fields": {"action_time": "2023-06-22T06:23:55.127Z", "user": 1, "content_type": 8, "object_id": "1", "object_repr": "Pepperoni Pizza", "action_flag": 2, "change_message": "[{\"changed\": {\"fields\": [\"Image\"]}}]"}}, {"model": "admin.logentry", "pk": 68, "fields": {"action_time": "2023-06-22T06:24:22.880Z", "user": 1, "content_type": 8, "object_id": "1", "object_repr": "Pepperoni Pizza", "action_flag": 2, "change_message": "[{\"changed\": {\"fields\": [\"Image\"]}}]"}}, {"model": "admin.logentry", "pk": 69, "fields": {"action_time": "2023-06-22T06:24:29.218Z", "user": 1, "content_type": 8, "object_id": "1", "object_repr": "Pepperoni Pizza", "action_flag": 2, "change_message": "[{\"changed\": {\"fields\": [\"Image\"]}}]"}}, {"model": "admin.logentry", "pk": 70, "fields": {"action_time": "2023-06-22T06:24:54.007Z", "user": 1, "content_type": 8, "object_id": "1", "object_repr": "Pepperoni Pizza", "action_flag": 2, "change_message": "[{\"changed\": {\"fields\": [\"Image\"]}}]"}}, {"model": "admin.logentry", "pk": 71, "fields": {"action_time": "2023-06-22T06:24:59.381Z", "user": 1, "content_type": 8, "object_id": "1", "object_repr": "Pepperoni Pizza", "action_flag": 2, "change_message": "[{\"changed\": {\"fields\": [\"Image\"]}}]"}}, {"model": "admin.logentry", "pk": 72, "fields": {"action_time": "2023-06-22T11:27:22.769Z", "user": 1, "content_type": 8, "object_id": "14", "object_repr": "Marocchino", "action_flag": 2, "change_message": "[{\"changed\": {\"fields\": [\"Name\", \"Description\"]}}]"}}, {"model": "admin.logentry", "pk": 73, "fields": {"action_time": "2023-06-27T13:40:38.739Z", "user": 1, "content_type": 10, "object_id": "1", "object_repr": "admin_Pepperoni Pizza", "action_flag": 1, "change_message": "[{\"added\": {}}]"}}, {"model": "admin.logentry", "pk": 74, "fields": {"action_time": "2023-06-27T13:40:50.073Z", "user": 1, "content_type": 10, "object_id": "2", "object_repr": "admin_Carbonara Pasta", "action_flag": 1, "change_message": "[{\"added\": {}}]"}}, {"model": "admin.logentry", "pk": 75, "fields": {"action_time": "2023-06-27T13:40:59.705Z", "user": 1, "content_type": 10, "object_id": "3", "object_repr": "admin_Marocchino", "action_flag": 1, "change_message": "[{\"added\": {}}]"}}, {"model": "admin.logentry", "pk": 76, "fields": {"action_time": "2023-06-27T20:25:22.524Z", "user": 1, "content_type": 10, "object_id": "5", "object_repr": "admin_Vegetarian Pizza", "action_flag": 3, "change_message": ""}}, {"model": "admin.logentry", "pk": 77, "fields": {"action_time": "2023-06-27T20:25:22.529Z", "user": 1, "content_type": 10, "object_id": "4", "object_repr": "admin_Vegetarian Pizza", "action_flag": 3, "change_message": ""}}, {"model": "admin.logentry", "pk": 78, "fields": {"action_time": "2023-06-27T21:15:23.512Z", "user": 1, "content_type": 10, "object_id": "9", "object_repr": "admin_Pizzaetta prosciutto fungi", "action_flag": 3, "change_message": ""}}, {"model": "admin.logentry", "pk": 79, "fields": {"action_time": "2023-06-27T21:15:23.518Z", "user": 1, "content_type": 10, "object_id": "8", "object_repr": "admin_Tramezzino Sandwich", "action_flag": 3, "change_message": ""}}, {"model": "admin.logentry", "pk": 80, "fields": {"action_time": "2023-06-27T21:15:23.522Z", "user": 1, "content_type": 10, "object_id": "7", "object_repr": "admin_Tagliatelle with Shrimp in Creamy Sauce", "action_flag": 3, "change_message": ""}}, {"model": "admin.logentry", "pk": 81, "fields": {"action_time": "2023-06-27T21:15:23.526Z", "user": 1, "content_type": 10, "object_id": "6", "object_repr": "admin_Bolognese Pasta", "action_flag": 3, "change_message": ""}}, {"model": "admin.logentry", "pk": 82, "fields": {"action_time": "2023-06-27T21:15:23.531Z", "user": 1, "content_type": 10, "object_id": "3", "object_repr": "admin_Marocchino", "action_flag": 3, "change_message": ""}}, {"model": "admin.logentry", "pk": 83, "fields": {"action_time": "2023-06-27T21:15:23.536Z", "user": 1, "content_type": 10, "object_id": "2", "object_repr": "admin_Carbonara Pasta", "action_flag": 3, "change_message": ""}}, {"model": "admin.logentry", "pk": 84, "fields": {"action_time": "2023-06-27T21:15:23.541Z", "user": 1, "content_type": 10, "object_id": "1", "object_repr": "admin_Pepperoni Pizza", "action_flag": 3, "change_message": ""}}, {"model": "admin.logentry", "pk": 85, "fields": {"action_time": "2023-06-29T17:15:43.217Z", "user": 1, "content_type": 4, "object_id": "3", "object_repr": "test_user", "action_flag": 1, "change_message": "[{\"added\": {}}]"}}, {"model": "admin.logentry", "pk": 86, "fields": {"action_time": "2023-06-29T17:15:52.183Z", "user": 1, "content_type": 4, "object_id": "3", "object_repr": "test_user", "action_flag": 2, "change_message": "[{\"changed\": {\"fields\": [\"Staff status\"]}}]"}}, {"model": "admin.logentry", "pk": 87, "fields": {"action_time": "2023-06-29T21:05:25.448Z", "user": 1, "content_type": 16, "object_id": "1", "object_repr": "Wishlist object (1)", "action_flag": 1, "change_message": "[{\"added\": {}}]"}}, {"model": "admin.logentry", "pk": 88, "fields": {"action_time": "2023-06-29T21:05:32.264Z", "user": 1, "content_type": 16, "object_id": "2", "object_repr": "Wishlist object (2)", "action_flag": 1, "change_message": "[{\"added\": {}}]"}}, {"model": "admin.logentry", "pk": 89, "fields": {"action_time": "2023-06-29T21:05:38.298Z", "user": 1, "content_type": 16, "object_id": "3", "object_repr": "Wishlist object (3)", "action_flag": 1, "change_message": "[{\"added\": {}}]"}}, {"model": "admin.logentry", "pk": 90, "fields": {"action_time": "2023-07-07T11:36:28.661Z", "user": 1, "content_type": 17, "object_id": "1", "object_repr": "Interesting Pizza Facts", "action_flag": 1, "change_message": "[{\"added\": {}}]"}}, {"model": "admin.logentry", "pk": 91, "fields": {"action_time": "2023-07-07T12:54:30.922Z", "user": 1, "content_type": 17, "object_id": "1", "object_repr": "Interesting Pizza Facts123", "action_flag": 2, "change_message": "[{\"changed\": {\"fields\": [\"Title\"]}}]"}}, {"model": "admin.logentry", "pk": 92, "fields": {"action_time": "2023-07-07T12:56:21.913Z", "user": 1, "content_type": 17, "object_id": "1", "object_repr": "Interesting Pizza Facts123", "action_flag": 2, "change_message": "[{\"changed\": {\"fields\": [\"Content\"]}}]"}}, {"model": "admin.logentry", "pk": 93, "fields": {"action_time": "2023-07-07T12:59:43.482Z", "user": 1, "content_type": 17, "object_id": "1", "object_repr": "Interesting Pizza Facts123", "action_flag": 2, "change_message": "[{\"changed\": {\"fields\": [\"Content\"]}}]"}}, {"model": "admin.logentry", "pk": 94, "fields": {"action_time": "2023-07-07T13:05:32.322Z", "user": 1, "content_type": 17, "object_id": "1", "object_repr": "Interesting Pizza Facts", "action_flag": 2, "change_message": "[{\"changed\": {\"fields\": [\"Title\", \"Content\"]}}]"}}, {"model": "admin.logentry", "pk": 95, "fields": {"action_time": "2023-07-07T13:06:18.187Z", "user": 1, "content_type": 17, "object_id": "1", "object_repr": "Interesting Pizza Facts", "action_flag": 2, "change_message": "[{\"changed\": {\"fields\": [\"Content\"]}}]"}}, {"model": "admin.logentry", "pk": 96, "fields": {"action_time": "2023-07-07T13:07:44.163Z", "user": 1, "content_type": 17, "object_id": "1", "object_repr": "Interesting Pizza Facts", "action_flag": 2, "change_message": "[{\"changed\": {\"fields\": [\"Content\"]}}]"}}, {"model": "admin.logentry", "pk": 97, "fields": {"action_time": "2023-07-07T13:09:27.149Z", "user": 1, "content_type": 17, "object_id": "1", "object_repr": "Interesting Pizza Facts", "action_flag": 2, "change_message": "[{\"changed\": {\"fields\": [\"Content\"]}}]"}}, {"model": "admin.logentry", "pk": 98, "fields": {"action_time": "2023-07-07T13:09:59.162Z", "user": 1, "content_type": 17, "object_id": "1", "object_repr": "Interesting Pizza Facts", "action_flag": 2, "change_message": "[{\"changed\": {\"fields\": [\"Content\"]}}]"}}, {"model": "admin.logentry", "pk": 99, "fields": {"action_time": "2023-07-07T14:00:08.627Z", "user": 1, "content_type": 17, "object_id": "2", "object_repr": "Interesting Pasta Facts", "action_flag": 1, "change_message": "[{\"added\": {}}]"}}, {"model": "admin.logentry", "pk": 100, "fields": {"action_time": "2023-07-07T14:00:49.782Z", "user": 1, "content_type": 17, "object_id": "2", "object_repr": "Interesting Pasta Facts", "action_flag": 2, "change_message": "[{\"changed\": {\"fields\": [\"Content\"]}}]"}}, {"model": "admin.logentry", "pk": 101, "fields": {"action_time": "2023-07-07T14:01:08.666Z", "user": 1, "content_type": 17, "object_id": "2", "object_repr": "Interesting Pasta Facts", "action_flag": 2, "change_message": "[{\"changed\": {\"fields\": [\"Content\"]}}]"}}, {"model": "admin.logentry", "pk": 102, "fields": {"action_time": "2023-07-07T14:02:07.994Z", "user": 1, "content_type": 17, "object_id": "2", "object_repr": "Interesting Pasta Facts", "action_flag": 2, "change_message": "[{\"changed\": {\"fields\": [\"Content\"]}}]"}}, {"model": "admin.logentry", "pk": 103, "fields": {"action_time": "2023-07-07T14:03:53.166Z", "user": 1, "content_type": 17, "object_id": "2", "object_repr": "Interesting Pasta Facts", "action_flag": 2, "change_message": "[{\"changed\": {\"fields\": [\"Content\"]}}]"}}, {"model": "admin.logentry", "pk": 104, "fields": {"action_time": "2023-07-07T14:04:21.512Z", "user": 1, "content_type": 17, "object_id": "2", "object_repr": "Interesting Pasta Facts", "action_flag": 2, "change_message": "[{\"changed\": {\"fields\": [\"Content\"]}}]"}}, {"model": "admin.logentry", "pk": 105, "fields": {"action_time": "2023-07-07T14:04:49.741Z", "user": 1, "content_type": 17, "object_id": "2", "object_repr": "Interesting Pasta Facts", "action_flag": 2, "change_message": "[{\"changed\": {\"fields\": [\"Content\"]}}]"}}, {"model": "admin.logentry", "pk": 106, "fields": {"action_time": "2023-07-07T14:05:17.045Z", "user": 1, "content_type": 17, "object_id": "2", "object_repr": "Interesting Pasta Facts", "action_flag": 2, "change_message": "[{\"changed\": {\"fields\": [\"Content\"]}}]"}}, {"model": "admin.logentry", "pk": 107, "fields": {"action_time": "2023-07-07T14:05:52.949Z", "user": 1, "content_type": 17, "object_id": "2", "object_repr": "Interesting Pasta Facts", "action_flag": 2, "change_message": "[{\"changed\": {\"fields\": [\"Content\"]}}]"}}, {"model": "admin.logentry", "pk": 108, "fields": {"action_time": "2023-07-07T17:03:22.658Z", "user": 1, "content_type": 17, "object_id": "3", "object_repr": "Popular facts about Italian cuisine", "action_flag": 1, "change_message": "[{\"added\": {}}]"}}, {"model": "admin.logentry", "pk": 109, "fields": {"action_time": "2023-07-07T17:04:24.362Z", "user": 1, "content_type": 17, "object_id": "3", "object_repr": "Popular facts about Italian cuisine", "action_flag": 2, "change_message": "[{\"changed\": {\"fields\": [\"Content\"]}}]"}}, {"model": "admin.logentry", "pk": 110, "fields": {"action_time": "2023-07-07T17:05:07.670Z", "user": 1, "content_type": 17, "object_id": "3", "object_repr": "Popular facts about Italian cuisine", "action_flag": 2, "change_message": "[{\"changed\": {\"fields\": [\"Content\"]}}]"}}, {"model": "admin.logentry", "pk": 111, "fields": {"action_time": "2023-07-07T17:05:25.804Z", "user": 1, "content_type": 17, "object_id": "3", "object_repr": "Popular facts about Italian cuisine", "action_flag": 2, "change_message": "[{\"changed\": {\"fields\": [\"Content\"]}}]"}}, {"model": "admin.logentry", "pk": 112, "fields": {"action_time": "2023-07-07T17:06:01.070Z", "user": 1, "content_type": 17, "object_id": "3", "object_repr": "Popular facts about Italian cuisine", "action_flag": 2, "change_message": "[{\"changed\": {\"fields\": [\"Content\"]}}]"}}, {"model": "admin.logentry", "pk": 113, "fields": {"action_time": "2023-07-07T17:06:36.744Z", "user": 1, "content_type": 17, "object_id": "3", "object_repr": "Popular facts about Italian cuisine", "action_flag": 2, "change_message": "[{\"changed\": {\"fields\": [\"Content\"]}}]"}}, {"model": "admin.logentry", "pk": 114, "fields": {"action_time": "2023-07-07T17:08:16.272Z", "user": 1, "content_type": 17, "object_id": "4", "object_repr": "Italian Cuisine: The Perfect Food Formula", "action_flag": 1, "change_message": "[{\"added\": {}}]"}}, {"model": "admin.logentry", "pk": 115, "fields": {"action_time": "2023-07-07T17:12:35.849Z", "user": 1, "content_type": 17, "object_id": "4", "object_repr": "Italian Cuisine: The Perfect Food Formula", "action_flag": 2, "change_message": "[{\"changed\": {\"fields\": [\"Content\"]}}]"}}, {"model": "admin.logentry", "pk": 116, "fields": {"action_time": "2023-07-07T17:15:29.501Z", "user": 1, "content_type": 17, "object_id": "5", "object_repr": "Misconceptions about Italian cuisine", "action_flag": 1, "change_message": "[{\"added\": {}}]"}}, {"model": "admin.logentry", "pk": 117, "fields": {"action_time": "2023-07-07T17:18:14.823Z", "user": 1, "content_type": 17, "object_id": "5", "object_repr": "Misconceptions about Italian cuisine", "action_flag": 2, "change_message": "[{\"changed\": {\"fields\": [\"Content\"]}}]"}}, {"model": "admin.logentry", "pk": 118, "fields": {"action_time": "2023-07-07T17:19:27.058Z", "user": 1, "content_type": 17, "object_id": "5", "object_repr": "Misconceptions about Italian cuisine", "action_flag": 2, "change_message": "[{\"changed\": {\"fields\": [\"Content\"]}}]"}}, {"model": "admin.logentry", "pk": 119, "fields": {"action_time": "2023-07-07T17:20:01.364Z", "user": 1, "content_type": 17, "object_id": "5", "object_repr": "Misconceptions about Italian cuisine", "action_flag": 2, "change_message": "[{\"changed\": {\"fields\": [\"Content\"]}}]"}}, {"model": "admin.logentry", "pk": 120, "fields": {"action_time": "2023-07-07T17:20:37.225Z", "user": 1, "content_type": 17, "object_id": "5", "object_repr": "Misconceptions about Italian cuisine", "action_flag": 2, "change_message": "[{\"changed\": {\"fields\": [\"Content\"]}}]"}}, {"model": "admin.logentry", "pk": 121, "fields": {"action_time": "2023-07-07T17:23:14.795Z", "user": 1, "content_type": 17, "object_id": "6", "object_repr": "Strange Habits of Italians That Russians Can't Understand", "action_flag": 1, "change_message": "[{\"added\": {}}]"}}, {"model": "admin.logentry", "pk": 122, "fields": {"action_time": "2023-07-07T17:25:12.251Z", "user": 1, "content_type": 17, "object_id": "6", "object_repr": "Strange Habits of Italians That Russians Can't Understand", "action_flag": 2, "change_message": "[{\"changed\": {\"fields\": [\"Content\"]}}]"}}, {"model": "admin.logentry", "pk": 123, "fields": {"action_time": "2023-07-07T17:26:45.172Z", "user": 1, "content_type": 17, "object_id": "5", "object_repr": "Misconceptions about Italian cuisine", "action_flag": 2, "change_message": "[{\"changed\": {\"fields\": [\"Content\"]}}]"}}, {"model": "admin.logentry", "pk": 124, "fields": {"action_time": "2023-07-08T14:36:37.083Z", "user": 1, "content_type": 17, "object_id": "5", "object_repr": "Misconceptions about Italian cuisine", "action_flag": 2, "change_message": "[{\"changed\": {\"fields\": [\"Content\"]}}]"}}, {"model": "admin.logentry", "pk": 125, "fields": {"action_time": "2023-07-08T15:01:55.573Z", "user": 1, "content_type": 17, "object_id": "1", "object_repr": "Interesting Pizza Facts", "action_flag": 2, "change_message": "[{\"changed\": {\"fields\": [\"Image\"]}}]"}}, {"model": "admin.logentry", "pk": 126, "fields": {"action_time": "2023-07-08T15:02:01.723Z", "user": 1, "content_type": 17, "object_id": "2", "object_repr": "Interesting Pasta Facts", "action_flag": 2, "change_message": "[{\"changed\": {\"fields\": [\"Image\"]}}]"}}, {"model": "admin.logentry", "pk": 127, "fields": {"action_time": "2023-07-08T15:02:09.165Z", "user": 1, "content_type": 17, "object_id": "3", "object_repr": "Popular facts about Italian cuisine", "action_flag": 2, "change_message": "[{\"changed\": {\"fields\": [\"Image\"]}}]"}}, {"model": "admin.logentry", "pk": 128, "fields": {"action_time": "2023-07-08T15:02:15.096Z", "user": 1, "content_type": 17, "object_id": "4", "object_repr": "Italian Cuisine: The Perfect Food Formula", "action_flag": 2, "change_message": "[{\"changed\": {\"fields\": [\"Image\"]}}]"}}, {"model": "admin.logentry", "pk": 129, "fields": {"action_time": "2023-07-08T15:02:22.314Z", "user": 1, "content_type": 17, "object_id": "5", "object_repr": "Misconceptions about Italian cuisine", "action_flag": 2, "change_message": "[{\"changed\": {\"fields\": [\"Image\"]}}]"}}, {"model": "admin.logentry", "pk": 130, "fields": {"action_time": "2023-07-08T15:02:29.106Z", "user": 1, "content_type": 17, "object_id": "6", "object_repr": "Strange Habits of Italians That Russians Can't Understand", "action_flag": 2, "change_message": "[{\"changed\": {\"fields\": [\"Image\"]}}]"}}, {"model": "admin.logentry", "pk": 131, "fields": {"action_time": "2023-07-08T15:33:44.429Z", "user": 1, "content_type": 17, "object_id": "5", "object_repr": "Misconceptions about Italian cuisine", "action_flag": 2, "change_message": "[{\"changed\": {\"fields\": [\"Content\"]}}]"}}, {"model": "admin.logentry", "pk": 132, "fields": {"action_time": "2023-07-08T15:39:59.087Z", "user": 1, "content_type": 17, "object_id": "1", "object_repr": "Interesting Pizza Facts", "action_flag": 2, "change_message": "[{\"changed\": {\"fields\": [\"Cover\"]}}]"}}, {"model": "admin.logentry", "pk": 133, "fields": {"action_time": "2023-07-08T15:40:05.973Z", "user": 1, "content_type": 17, "object_id": "2", "object_repr": "Interesting Pasta Facts", "action_flag": 2, "change_message": "[{\"changed\": {\"fields\": [\"Cover\"]}}]"}}, {"model": "admin.logentry", "pk": 134, "fields": {"action_time": "2023-07-08T15:40:16.621Z", "user": 1, "content_type": 17, "object_id": "3", "object_repr": "Popular facts about Italian cuisine", "action_flag": 2, "change_message": "[{\"changed\": {\"fields\": [\"Cover\"]}}]"}}, {"model": "admin.logentry", "pk": 135, "fields": {"action_time": "2023-07-08T15:40:22.519Z", "user": 1, "content_type": 17, "object_id": "4", "object_repr": "Italian Cuisine: The Perfect Food Formula", "action_flag": 2, "change_message": "[{\"changed\": {\"fields\": [\"Cover\"]}}]"}}, {"model": "admin.logentry", "pk": 136, "fields": {"action_time": "2023-07-08T15:40:33.030Z", "user": 1, "content_type": 17, "object_id": "5", "object_repr": "Misconceptions about Italian cuisine", "action_flag": 2, "change_message": "[{\"changed\": {\"fields\": [\"Cover\"]}}]"}}, {"model": "admin.logentry", "pk": 137, "fields": {"action_time": "2023-07-08T15:40:39.103Z", "user": 1, "content_type": 17, "object_id": "6", "object_repr": "Strange Habits of Italians That Russians Can't Understand", "action_flag": 2, "change_message": "[{\"changed\": {\"fields\": [\"Cover\"]}}]"}}, {"model": "admin.logentry", "pk": 138, "fields": {"action_time": "2023-07-08T16:05:05.630Z", "user": 1, "content_type": 17, "object_id": "1", "object_repr": "Interesting Pizza Facts", "action_flag": 2, "change_message": "[{\"changed\": {\"fields\": [\"Preview\"]}}]"}}, {"model": "admin.logentry", "pk": 139, "fields": {"action_time": "2023-07-08T16:05:17.583Z", "user": 1, "content_type": 17, "object_id": "2", "object_repr": "Interesting Pasta Facts", "action_flag": 2, "change_message": "[{\"changed\": {\"fields\": [\"Preview\"]}}]"}}, {"model": "admin.logentry", "pk": 140, "fields": {"action_time": "2023-07-08T16:05:41.613Z", "user": 1, "content_type": 17, "object_id": "3", "object_repr": "Popular facts about Italian cuisine", "action_flag": 2, "change_message": "[{\"changed\": {\"fields\": [\"Preview\"]}}]"}}, {"model": "admin.logentry", "pk": 141, "fields": {"action_time": "2023-07-08T16:06:03.135Z", "user": 1, "content_type": 17, "object_id": "4", "object_repr": "Italian Cuisine: The Perfect Food Formula", "action_flag": 2, "change_message": "[{\"changed\": {\"fields\": [\"Preview\"]}}]"}}, {"model": "admin.logentry", "pk": 142, "fields": {"action_time": "2023-07-08T16:06:14.112Z", "user": 1, "content_type": 17, "object_id": "5", "object_repr": "Misconceptions about Italian cuisine", "action_flag": 2, "change_message": "[{\"changed\": {\"fields\": [\"Preview\"]}}]"}}, {"model": "admin.logentry", "pk": 143, "fields": {"action_time": "2023-07-08T16:06:24.774Z", "user": 1, "content_type": 17, "object_id": "6", "object_repr": "Strange Habits of Italians That Russians Can't Understand", "action_flag": 2, "change_message": "[{\"changed\": {\"fields\": [\"Preview\"]}}]"}}, {"model": "admin.logentry", "pk": 144, "fields": {"action_time": "2023-07-08T16:16:09.242Z", "user": 1, "content_type": 17, "object_id": "6", "object_repr": "Strange Habits of Italians That Russians Can't Understand", "action_flag": 2, "change_message": "[{\"changed\": {\"fields\": [\"Publication date\"]}}]"}}, {"model": "admin.logentry", "pk": 145, "fields": {"action_time": "2023-07-08T16:16:23.277Z", "user": 1, "content_type": 17, "object_id": "5", "object_repr": "Misconceptions about Italian cuisine", "action_flag": 2, "change_message": "[{\"changed\": {\"fields\": [\"Publication date\"]}}]"}}, {"model": "admin.logentry", "pk": 146, "fields": {"action_time": "2023-07-08T16:16:34.622Z", "user": 1, "content_type": 17, "object_id": "4", "object_repr": "Italian Cuisine: The Perfect Food Formula", "action_flag": 2, "change_message": "[{\"changed\": {\"fields\": [\"Publication date\"]}}]"}}, {"model": "admin.logentry", "pk": 147, "fields": {"action_time": "2023-07-08T16:16:45.234Z", "user": 1, "content_type": 17, "object_id": "3", "object_repr": "Popular facts about Italian cuisine", "action_flag": 2, "change_message": "[{\"changed\": {\"fields\": [\"Publication date\"]}}]"}}, {"model": "admin.logentry", "pk": 148, "fields": {"action_time": "2023-07-08T16:16:56.415Z", "user": 1, "content_type": 17, "object_id": "2", "object_repr": "Interesting Pasta Facts", "action_flag": 2, "change_message": "[{\"changed\": {\"fields\": [\"Publication date\"]}}]"}}, {"model": "admin.logentry", "pk": 149, "fields": {"action_time": "2023-07-08T16:17:04.452Z", "user": 1, "content_type": 17, "object_id": "1", "object_repr": "Interesting Pizza Facts", "action_flag": 2, "change_message": "[{\"changed\": {\"fields\": [\"Publication date\"]}}]"}}, {"model": "admin.logentry", "pk": 150, "fields": {"action_time": "2023-07-09T18:23:50.964Z", "user": 1, "content_type": 18, "object_id": "7", "object_repr": "Comment object (7)", "action_flag": 3, "change_message": ""}}, {"model": "admin.logentry", "pk": 151, "fields": {"action_time": "2023-07-09T18:23:50.969Z", "user": 1, "content_type": 18, "object_id": "6", "object_repr": "Comment object (6)", "action_flag": 3, "change_message": ""}}, {"model": "admin.logentry", "pk": 152, "fields": {"action_time": "2023-07-09T18:23:50.974Z", "user": 1, "content_type": 18, "object_id": "5", "object_repr": "Comment object (5)", "action_flag": 3, "change_message": ""}}, {"model": "admin.logentry", "pk": 153, "fields": {"action_time": "2023-07-09T18:23:50.979Z", "user": 1, "content_type": 18, "object_id": "4", "object_repr": "Comment object (4)", "action_flag": 3, "change_message": ""}}, {"model": "admin.logentry", "pk": 154, "fields": {"action_time": "2023-07-09T18:25:10.196Z", "user": 1, "content_type": 19, "object_id": "3", "object_repr": "UserProfile object (3)", "action_flag": 1, "change_message": "[{\"added\": {}}]"}}, {"model": "admin.logentry", "pk": 155, "fields": {"action_time": "2023-07-09T18:26:40.704Z", "user": 1, "content_type": 4, "object_id": "2", "object_repr": "new_user", "action_flag": 3, "change_message": ""}}, {"model": "admin.logentry", "pk": 156, "fields": {"action_time": "2023-07-09T18:26:40.708Z", "user": 1, "content_type": 4, "object_id": "4", "object_repr": "test_user2", "action_flag": 3, "change_message": ""}}, {"model": "admin.logentry", "pk": 157, "fields": {"action_time": "2023-07-09T18:26:40.711Z", "user": 1, "content_type": 4, "object_id": "5", "object_repr": "test_user5", "action_flag": 3, "change_message": ""}}, {"model": "admin.logentry", "pk": 158, "fields": {"action_time": "2023-07-09T18:26:40.716Z", "user": 1, "content_type": 4, "object_id": "7", "object_repr": "test_user_ava", "action_flag": 3, "change_message": ""}}, {"model": "admin.logentry", "pk": 159, "fields": {"action_time": "2023-07-09T18:26:40.719Z", "user": 1, "content_type": 4, "object_id": "8", "object_repr": "test_user_ava1", "action_flag": 3, "change_message": ""}}, {"model": "admin.logentry", "pk": 160, "fields": {"action_time": "2023-07-10T20:27:32.437Z", "user": 1, "content_type": 20, "object_id": "1", "object_repr": "Testimony object (1)", "action_flag": 1, "change_message": "[{\"added\": {}}]"}}, {"model": "admin.logentry", "pk": 161, "fields": {"action_time": "2023-07-10T20:29:17.027Z", "user": 1, "content_type": 20, "object_id": "2", "object_repr": "Testimony object (2)", "action_flag": 1, "change_message": "[{\"added\": {}}]"}}, {"model": "admin.logentry", "pk": 162, "fields": {"action_time": "2023-07-10T20:31:13.690Z", "user": 1, "content_type": 20, "object_id": "3", "object_repr": "Testimony object (3)", "action_flag": 1, "change_message": "[{\"added\": {}}]"}}, {"model": "admin.logentry", "pk": 163, "fields": {"action_time": "2023-07-10T20:33:27.786Z", "user": 1, "content_type": 20, "object_id": "4", "object_repr": "Testimony object (4)", "action_flag": 1, "change_message": "[{\"added\": {}}]"}}, {"model": "admin.logentry", "pk": 164, "fields": {"action_time": "2023-07-10T20:35:34.411Z", "user": 1, "content_type": 20, "object_id": "5", "object_repr": "Testimony object (5)", "action_flag": 1, "change_message": "[{\"added\": {}}]"}}, {"model": "admin.logentry", "pk": 165, "fields": {"action_time": "2023-07-10T20:38:15.274Z", "user": 1, "content_type": 20, "object_id": "6", "object_repr": "Testimony object (6)", "action_flag": 1, "change_message": "[{\"added\": {}}]"}}, {"model": "admin.logentry", "pk": 166, "fields": {"action_time": "2023-07-10T20:40:09.545Z", "user": 1, "content_type": 20, "object_id": "7", "object_repr": "Testimony object (7)", "action_flag": 1, "change_message": "[{\"added\": {}}]"}}, {"model": "admin.logentry", "pk": 167, "fields": {"action_time": "2023-07-13T12:38:09.545Z", "user": 1, "content_type": 20, "object_id": "1", "object_repr": "Anna Ivanova", "action_flag": 2, "change_message": "[{\"changed\": {\"fields\": [\"Text\"]}}]"}}, {"model": "admin.logentry", "pk": 168, "fields": {"action_time": "2023-07-13T13:12:21.121Z", "user": 1, "content_type": 20, "object_id": "1", "object_repr": "Anna Ivanova", "action_flag": 2, "change_message": "[{\"changed\": {\"fields\": [\"Text\"]}}]"}}, {"model": "admin.logentry", "pk": 169, "fields": {"action_time": "2023-07-13T13:12:53.331Z", "user": 1, "content_type": 20, "object_id": "1", "object_repr": "Anna Ivanova", "action_flag": 2, "change_message": "[{\"changed\": {\"fields\": [\"Text\"]}}]"}}, {"model": "admin.logentry", "pk": 170, "fields": {"action_time": "2023-07-13T13:14:18.050Z", "user": 1, "content_type": 20, "object_id": "1", "object_repr": "Anna Ivanova", "action_flag": 2, "change_message": "[{\"changed\": {\"fields\": [\"Text\"]}}]"}}, {"model": "admin.logentry", "pk": 171, "fields": {"action_time": "2023-07-13T13:14:49.149Z", "user": 1, "content_type": 20, "object_id": "1", "object_repr": "Anna Ivanova", "action_flag": 2, "change_message": "[{\"changed\": {\"fields\": [\"Text\"]}}]"}}, {"model": "admin.logentry", "pk": 172, "fields": {"action_time": "2023-07-13T13:15:42.325Z", "user": 1, "content_type": 20, "object_id": "1", "object_repr": "Anna Ivanova", "action_flag": 2, "change_message": "[{\"changed\": {\"fields\": [\"Text\"]}}]"}}, {"model": "admin.logentry", "pk": 173, "fields": {"action_time": "2023-07-13T13:18:01.089Z", "user": 1, "content_type": 20, "object_id": "3", "object_repr": "Elena Smirnova", "action_flag": 2, "change_message": "[{\"changed\": {\"fields\": [\"Text\"]}}]"}}, {"model": "admin.logentry", "pk": 174, "fields": {"action_time": "2023-07-13T13:18:55.190Z", "user": 1, "content_type": 20, "object_id": "4", "object_repr": "Alexey Kozlov", "action_flag": 2, "change_message": "[{\"changed\": {\"fields\": [\"Text\"]}}]"}}, {"model": "admin.logentry", "pk": 175, "fields": {"action_time": "2023-07-16T17:21:13.004Z", "user": 1, "content_type": 18, "object_id": "15", "object_repr": "test_user3_Strange Habits of Italians That Russians Can't Understand", "action_flag": 3, "change_message": ""}}, {"model": "admin.logentry", "pk": 176, "fields": {"action_time": "2023-07-16T17:21:13.014Z", "user": 1, "content_type": 18, "object_id": "14", "object_repr": "admin_Strange Habits of Italians That Russians Can't Understand", "action_flag": 3, "change_message": ""}}, {"model": "admin.logentry", "pk": 177, "fields": {"action_time": "2023-07-16T17:21:13.018Z", "user": 1, "content_type": 18, "object_id": "13", "object_repr": "test_user2_Strange Habits of Italians That Russians Can't Understand", "action_flag": 3, "change_message": ""}}, {"model": "admin.logentry", "pk": 178, "fields": {"action_time": "2023-07-16T17:21:13.022Z", "user": 1, "content_type": 18, "object_id": "12", "object_repr": "admin_Strange Habits of Italians That Russians Can't Understand", "action_flag": 3, "change_message": ""}}, {"model": "admin.logentry", "pk": 179, "fields": {"action_time": "2023-07-16T17:21:43.865Z", "user": 1, "content_type": 4, "object_id": "3", "object_repr": "test_user", "action_flag": 3, "change_message": ""}}, {"model": "admin.logentry", "pk": 180, "fields": {"action_time": "2023-07-16T17:21:43.869Z", "user": 1, "content_type": 4, "object_id": "9", "object_repr": "test_user1", "action_flag": 3, "change_message": ""}}, {"model": "admin.logentry", "pk": 181, "fields": {"action_time": "2023-07-16T17:21:43.874Z", "user": 1, "content_type": 4, "object_id": "10", "object_repr": "test_user2", "action_flag": 3, "change_message": ""}}, {"model": "admin.logentry", "pk": 182, "fields": {"action_time": "2023-07-16T17:21:43.879Z", "user": 1, "content_type": 4, "object_id": "11", "object_repr": "test_user3", "action_flag": 3, "change_message": ""}}, {"model": "admin.logentry", "pk": 183, "fields": {"action_time": "2023-07-16T17:21:43.883Z", "user": 1, "content_type": 4, "object_id": "12", "object_repr": "test_user5", "action_flag": 3, "change_message": ""}}, {"model": "auth.permission", "pk": 1, "fields": {"name": "Can add log entry", "content_type": 1, "codename": "add_logentry"}}, {"model": "auth.permission", "pk": 2, "fields": {"name": "Can change log entry", "content_type": 1, "codename": "change_logentry"}}, {"model": "auth.permission", "pk": 3, "fields": {"name": "Can delete log entry", "content_type": 1, "codename": "delete_logentry"}}, {"model": "auth.permission", "pk": 4, "fields": {"name": "Can view log entry", "content_type": 1, "codename": "view_logentry"}}, {"model": "auth.permission", "pk": 5, "fields": {"name": "Can add permission", "content_type": 2, "codename": "add_permission"}}, {"model": "auth.permission", "pk": 6, "fields": {"name": "Can change permission", "content_type": 2, "codename": "change_permission"}}, {"model": "auth.permission", "pk": 7, "fields": {"name": "Can delete permission", "content_type": 2, "codename": "delete_permission"}}, {"model": "auth.permission", "pk": 8, "fields": {"name": "Can view permission", "content_type": 2, "codename": "view_permission"}}, {"model": "auth.permission", "pk": 9, "fields": {"name": "Can add group", "content_type": 3, "codename": "add_group"}}, {"model": "auth.permission", "pk": 10, "fields": {"name": "Can change group", "content_type": 3, "codename": "change_group"}}, {"model": "auth.permission", "pk": 11, "fields": {"name": "Can delete group", "content_type": 3, "codename": "delete_group"}}, {"model": "auth.permission", "pk": 12, "fields": {"name": "Can view group", "content_type": 3, "codename": "view_group"}}, {"model": "auth.permission", "pk": 13, "fields": {"name": "Can add user", "content_type": 4, "codename": "add_user"}}, {"model": "auth.permission", "pk": 14, "fields": {"name": "Can change user", "content_type": 4, "codename": "change_user"}}, {"model": "auth.permission", "pk": 15, "fields": {"name": "Can delete user", "content_type": 4, "codename": "delete_user"}}, {"model": "auth.permission", "pk": 16, "fields": {"name": "Can view user", "content_type": 4, "codename": "view_user"}}, {"model": "auth.permission", "pk": 17, "fields": {"name": "Can add content type", "content_type": 5, "codename": "add_contenttype"}}, {"model": "auth.permission", "pk": 18, "fields": {"name": "Can change content type", "content_type": 5, "codename": "change_contenttype"}}, {"model": "auth.permission", "pk": 19, "fields": {"name": "Can delete content type", "content_type": 5, "codename": "delete_contenttype"}}, {"model": "auth.permission", "pk": 20, "fields": {"name": "Can view content type", "content_type": 5, "codename": "view_contenttype"}}, {"model": "auth.permission", "pk": 21, "fields": {"name": "Can add session", "content_type": 6, "codename": "add_session"}}, {"model": "auth.permission", "pk": 22, "fields": {"name": "Can change session", "content_type": 6, "codename": "change_session"}}, {"model": "auth.permission", "pk": 23, "fields": {"name": "Can delete session", "content_type": 6, "codename": "delete_session"}}, {"model": "auth.permission", "pk": 24, "fields": {"name": "Can view session", "content_type": 6, "codename": "view_session"}}, {"model": "auth.permission", "pk": 25, "fields": {"name": "Can add category", "content_type": 7, "codename": "add_category"}}, {"model": "auth.permission", "pk": 26, "fields": {"name": "Can change category", "content_type": 7, "codename": "change_category"}}, {"model": "auth.permission", "pk": 27, "fields": {"name": "Can delete category", "content_type": 7, "codename": "delete_category"}}, {"model": "auth.permission", "pk": 28, "fields": {"name": "Can view category", "content_type": 7, "codename": "view_category"}}, {"model": "auth.permission", "pk": 29, "fields": {"name": "Can add product", "content_type": 8, "codename": "add_product"}}, {"model": "auth.permission", "pk": 30, "fields": {"name": "Can change product", "content_type": 8, "codename": "change_product"}}, {"model": "auth.permission", "pk": 31, "fields": {"name": "Can delete product", "content_type": 8, "codename": "delete_product"}}, {"model": "auth.permission", "pk": 32, "fields": {"name": "Can view product", "content_type": 8, "codename": "view_product"}}, {"model": "auth.permission", "pk": 33, "fields": {"name": "Can add discount", "content_type": 9, "codename": "add_discount"}}, {"model": "auth.permission", "pk": 34, "fields": {"name": "Can change discount", "content_type": 9, "codename": "change_discount"}}, {"model": "auth.permission", "pk": 35, "fields": {"name": "Can delete discount", "content_type": 9, "codename": "delete_discount"}}, {"model": "auth.permission", "pk": 36, "fields": {"name": "Can view discount", "content_type": 9, "codename": "view_discount"}}, {"model": "auth.permission", "pk": 37, "fields": {"name": "Can add cart", "content_type": 10, "codename": "add_cart"}}, {"model": "auth.permission", "pk": 38, "fields": {"name": "Can change cart", "content_type": 10, "codename": "change_cart"}}, {"model": "auth.permission", "pk": 39, "fields": {"name": "Can delete cart", "content_type": 10, "codename": "delete_cart"}}, {"model": "auth.permission", "pk": 40, "fields": {"name": "Can view cart", "content_type": 10, "codename": "view_cart"}}, {"model": "auth.permission", "pk": 41, "fields": {"name": "Can add association", "content_type": 11, "codename": "add_association"}}, {"model": "auth.permission", "pk": 42, "fields": {"name": "Can change association", "content_type": 11, "codename": "change_association"}}, {"model": "auth.permission", "pk": 43, "fields": {"name": "Can delete association", "content_type": 11, "codename": "delete_association"}}, {"model": "auth.permission", "pk": 44, "fields": {"name": "Can view association", "content_type": 11, "codename": "view_association"}}, {"model": "auth.permission", "pk": 45, "fields": {"name": "Can add code", "content_type": 12, "codename": "add_code"}}, {"model": "auth.permission", "pk": 46, "fields": {"name": "Can change code", "content_type": 12, "codename": "change_code"}}, {"model": "auth.permission", "pk": 47, "fields": {"name": "Can delete code", "content_type": 12, "codename": "delete_code"}}, {"model": "auth.permission", "pk": 48, "fields": {"name": "Can view code", "content_type": 12, "codename": "view_code"}}, {"model": "auth.permission", "pk": 49, "fields": {"name": "Can add nonce", "content_type": 13, "codename": "add_nonce"}}, {"model": "auth.permission", "pk": 50, "fields": {"name": "Can change nonce", "content_type": 13, "codename": "change_nonce"}}, {"model": "auth.permission", "pk": 51, "fields": {"name": "Can delete nonce", "content_type": 13, "codename": "delete_nonce"}}, {"model": "auth.permission", "pk": 52, "fields": {"name": "Can view nonce", "content_type": 13, "codename": "view_nonce"}}, {"model": "auth.permission", "pk": 53, "fields": {"name": "Can add user social auth", "content_type": 14, "codename": "add_usersocialauth"}}, {"model": "auth.permission", "pk": 54, "fields": {"name": "Can change user social auth", "content_type": 14, "codename": "change_usersocialauth"}}, {"model": "auth.permission", "pk": 55, "fields": {"name": "Can delete user social auth", "content_type": 14, "codename": "delete_usersocialauth"}}, {"model": "auth.permission", "pk": 56, "fields": {"name": "Can view user social auth", "content_type": 14, "codename": "view_usersocialauth"}}, {"model": "auth.permission", "pk": 57, "fields": {"name": "Can add partial", "content_type": 15, "codename": "add_partial"}}, {"model": "auth.permission", "pk": 58, "fields": {"name": "Can change partial", "content_type": 15, "codename": "change_partial"}}, {"model": "auth.permission", "pk": 59, "fields": {"name": "Can delete partial", "content_type": 15, "codename": "delete_partial"}}, {"model": "auth.permission", "pk": 60, "fields": {"name": "Can view partial", "content_type": 15, "codename": "view_partial"}}, {"model": "auth.permission", "pk": 61, "fields": {"name": "Can add wishlist", "content_type": 16, "codename": "add_wishlist"}}, {"model": "auth.permission", "pk": 62, "fields": {"name": "Can change wishlist", "content_type": 16, "codename": "change_wishlist"}}, {"model": "auth.permission", "pk": 63, "fields": {"name": "Can delete wishlist", "content_type": 16, "codename": "delete_wishlist"}}, {"model": "auth.permission", "pk": 64, "fields": {"name": "Can view wishlist", "content_type": 16, "codename": "view_wishlist"}}, {"model": "auth.permission", "pk": 65, "fields": {"name": "Can add article", "content_type": 17, "codename": "add_article"}}, {"model": "auth.permission", "pk": 66, "fields": {"name": "Can change article", "content_type": 17, "codename": "change_article"}}, {"model": "auth.permission", "pk": 67, "fields": {"name": "Can delete article", "content_type": 17, "codename": "delete_article"}}, {"model": "auth.permission", "pk": 68, "fields": {"name": "Can view article", "content_type": 17, "codename": "view_article"}}, {"model": "auth.permission", "pk": 69, "fields": {"name": "Can add comment", "content_type": 18, "codename": "add_comment"}}, {"model": "auth.permission", "pk": 70, "fields": {"name": "Can change comment", "content_type": 18, "codename": "change_comment"}}, {"model": "auth.permission", "pk": 71, "fields": {"name": "Can delete comment", "content_type": 18, "codename": "delete_comment"}}, {"model": "auth.permission", "pk": 72, "fields": {"name": "Can view comment", "content_type": 18, "codename": "view_comment"}}, {"model": "auth.permission", "pk": 73, "fields": {"name": "Can add user profile", "content_type": 19, "codename": "add_userprofile"}}, {"model": "auth.permission", "pk": 74, "fields": {"name": "Can change user profile", "content_type": 19, "codename": "change_userprofile"}}, {"model": "auth.permission", "pk": 75, "fields": {"name": "Can delete user profile", "content_type": 19, "codename": "delete_userprofile"}}, {"model": "auth.permission", "pk": 76, "fields": {"name": "Can view user profile", "content_type": 19, "codename": "view_userprofile"}}, {"model": "auth.permission", "pk": 77, "fields": {"name": "Can add testimony", "content_type": 20, "codename": "add_testimony"}}, {"model": "auth.permission", "pk": 78, "fields": {"name": "Can change testimony", "content_type": 20, "codename": "change_testimony"}}, {"model": "auth.permission", "pk": 79, "fields": {"name": "Can delete testimony", "content_type": 20, "codename": "delete_testimony"}}, {"model": "auth.permission", "pk": 80, "fields": {"name": "Can view testimony", "content_type": 20, "codename": "view_testimony"}}, {"model": "auth.user", "pk": 1, "fields": {"password": "pbkdf2_sha256$600000$U8KGZNGrcPj1yp5mVu60jD$ahV0GQsYOqhatoH0bUEgx1Bxq+6jIzEI4kzM6D9siMM=", "last_login": "2023-07-10T19:52:29.436Z", "is_superuser": true, "username": "admin", "first_name": "", "last_name": "", "email": "novikovas1@mail.ru", "is_staff": true, "is_active": true, "date_joined": "2023-06-09T08:28:01.802Z", "groups": [], "user_permissions": []}}, {"model": "auth.user", "pk": 6, "fields": {"password": "!sdvDt7F2XUMv7eH7ZvYQYD3i9y2mfw7YdCaj3TRf", "last_login": "2023-06-29T20:18:53.379Z", "is_superuser": false, "username": "NovikovAndrei", "first_name": "", "last_name": "", "email": "novikovas1@mail.ru", "is_staff": false, "is_active": true, "date_joined": "2023-06-29T20:17:21.098Z", "groups": [], "user_permissions": []}}, {"model": "contenttypes.contenttype", "pk": 1, "fields": {"app_label": "admin", "model": "logentry"}}, {"model": "contenttypes.contenttype", "pk": 2, "fields": {"app_label": "auth", "model": "permission"}}, {"model": "contenttypes.contenttype", "pk": 3, "fields": {"app_label": "auth", "model": "group"}}, {"model": "contenttypes.contenttype", "pk": 4, "fields": {"app_label": "auth", "model": "user"}}, {"model": "contenttypes.contenttype", "pk": 5, "fields": {"app_label": "contenttypes", "model": "contenttype"}}, {"model": "contenttypes.contenttype", "pk": 6, "fields": {"app_label": "sessions", "model": "session"}}, {"model": "contenttypes.contenttype", "pk": 7, "fields": {"app_label": "shop", "model": "category"}}, {"model": "contenttypes.contenttype", "pk": 8, "fields": {"app_label": "shop", "model": "product"}}, {"model": "contenttypes.contenttype", "pk": 9, "fields": {"app_label": "shop", "model": "discount"}}, {"model": "contenttypes.contenttype", "pk": 10, "fields": {"app_label": "cart", "model": "cart"}}, {"model": "contenttypes.contenttype", "pk": 11, "fields": {"app_label": "social_django", "model": "association"}}, {"model": "contenttypes.contenttype", "pk": 12, "fields": {"app_label": "social_django", "model": "code"}}, {"model": "contenttypes.contenttype", "pk": 13, "fields": {"app_label": "social_django", "model": "nonce"}}, {"model": "contenttypes.contenttype", "pk": 14, "fields": {"app_label": "social_django", "model": "usersocialauth"}}, {"model": "contenttypes.contenttype", "pk": 15, "fields": {"app_label": "social_django", "model": "partial"}}, {"model": "contenttypes.contenttype", "pk": 16, "fields": {"app_label": "cart", "model": "wishlist"}}, {"model": "contenttypes.contenttype", "pk": 17, "fields": {"app_label": "blog", "model": "article"}}, {"model": "contenttypes.contenttype", "pk": 18, "fields": {"app_label": "blog", "model": "comment"}}, {"model": "contenttypes.contenttype", "pk": 19, "fields": {"app_label": "login", "model": "userprofile"}}, {"model": "contenttypes.contenttype", "pk": 20, "fields": {"app_label": "home", "model": "testimony"}}, {"model": "sessions.session", "pk": "16okfdph2nybe15ndopxdl0c2e07xhg1", "fields": {"session_data": ".eJxVjMsOwiAQRf-FtSHDYyh16d5vIMxApWogKe3K-O_apAvd3nPOfYkQt7WEreclzEmchRKn340iP3LdQbrHemuSW12XmeSuyIN2eW0pPy-H-3dQYi_fGmEAZGXBkjektUZAr2KaRk5MRtsIziMaO5AhZlIwugSTc0QGsvfi_QG4Pzcj:1qIwvt:4JwyMCGOqPgIyYEFpOW18ydPGB7IxhbtEQAeUy3XHXY", "expire_date": "2023-07-24T19:52:29.439Z"}}, {"model": "sessions.session", "pk": "24w5g5n8yzh8r3e98d0eawz1q61ks270", "fields": {"session_data": ".eJxVjMsOwiAQRf-FtSHDYyh16d5vIMxApWogKe3K-O_apAvd3nPOfYkQt7WEreclzEmchRKn340iP3LdQbrHemuSW12XmeSuyIN2eW0pPy-H-3dQYi_fGmEAZGXBkjektUZAr2KaRk5MRtsIziMaO5AhZlIwugSTc0QGsvfi_QG4Pzcj:1qEykV:wQaVkeatohA_5u30rMqmWswK6RVNAGQe-KGorDYf8cs", "expire_date": "2023-07-13T21:00:19.660Z"}}, {"model": "sessions.session", "pk": "2zhmpkvdfqgzduzc9etjbpnupc4ftx5x", "fields": {"session_data": "e30:1qIUh9:Ac0DwIQX7ZdGmjTEW5ZC9E-QwtbxuA6fBwNXq0I5nWU", "expire_date": "2023-07-23T13:43:23.807Z"}}, {"model": "sessions.session", "pk": "3hwb4htepi09e73t0lwjdwf1md8qxwf5", "fields": {"session_data": ".eJxVjMsOwiAQRf-FtSHDYyh16d5vIMxApWogKe3K-O_apAvd3nPOfYkQt7WEreclzEmchRKn340iP3LdQbrHemuSW12XmeSuyIN2eW0pPy-H-3dQYi_fGmEAZGXBkjektUZAr2KaRk5MRtsIziMaO5AhZlIwugSTc0QGsvfi_QG4Pzcj:1q7XUW:XsleOi4DIh_chfKTrvmYkDVMGgzEq_Hu8ESG_4APma0", "expire_date": "2023-06-23T08:29:04.139Z"}}, {"model": "sessions.session", "pk": "6scf0fsi5y6hc2bw7ims8hhv5fnhfcgf", "fields": {"session_data": ".eJxVjMsOwiAQRf-FtSHDYyh16d5vIMxApWogKe3K-O_apAvd3nPOfYkQt7WEreclzEmchRKn340iP3LdQbrHemuSW12XmeSuyIN2eW0pPy-H-3dQYi_fGmEAZGXBkjektUZAr2KaRk5MRtsIziMaO5AhZlIwugSTc0QGsvfi_QG4Pzcj:1q7Xxn:w0ssj2p8NgcPXm_yTeviCZjvkXtDY6Xx2ZkkCJLbufw", "expire_date": "2023-06-23T08:59:19.625Z"}}, {"model": "sessions.session", "pk": "abh11q0wn3ffpqhs6ermxkrpuhea55h6", "fields": {"session_data": ".eJxVjMsOwiAQRf-FtSHDYyh16d5vIMxApWogKe3K-O_apAvd3nPOfYkQt7WEreclzEmchRKn340iP3LdQbrHemuSW12XmeSuyIN2eW0pPy-H-3dQYi_fGmEAZGXBkjektUZAr2KaRk5MRtsIziMaO5AhZlIwugSTc0QGsvfi_QG4Pzcj:1qE8vf:kludm7TCM4ewyUfWCDEP8yalCmIA4gE8fwlF8FS0KoM", "expire_date": "2023-07-11T13:40:23.209Z"}}, {"model": "sessions.session", "pk": "deh6bcwmpt83yobr2jz94nt4vw8d8uiu", "fields": {"session_data": ".eJxVjMsOwiAQRf-FtSHDYyh16d5vIMxApWogKe3K-O_apAvd3nPOfYkQt7WEreclzEmchRKn340iP3LdQbrHemuSW12XmeSuyIN2eW0pPy-H-3dQYi_fGmEAZGXBkjektUZAr2KaRk5MRtsIziMaO5AhZlIwugSTc0QGsvfi_QG4Pzcj:1q8SIg:D6IdC_91b-5VdFeNhixtK1LvpPfPmSJLdrwqXta88UY", "expire_date": "2023-06-25T21:08:38.656Z"}}, {"model": "sessions.session", "pk": "idktfo0xafkp4sbjchkxxegu1i6f01h5", "fields": {"session_data": ".eJxVjMsOwiAQRf-FtSHDYyh16d5vIMxApWogKe3K-O_apAvd3nPOfYkQt7WEreclzEmchRKn340iP3LdQbrHemuSW12XmeSuyIN2eW0pPy-H-3dQYi_fGmEAZGXBkjektUZAr2KaRk5MRtsIziMaO5AhZlIwugSTc0QGsvfi_QG4Pzcj:1qIwMV:GUbEueGjtQVaiQ5M_3w-ybZX7tT21_Q7TBcrTUxuVTk", "expire_date": "2023-07-24T19:15:55.915Z"}}, {"model": "sessions.session", "pk": "v1v9xbo4kjhl9dxoafw6qwx1z4c2rfev", "fields": {"session_data": ".eJxVjMsOwiAQRf-FtSHDYyh16d5vIMxApWogKe3K-O_apAvd3nPOfYkQt7WEreclzEmchRKn340iP3LdQbrHemuSW12XmeSuyIN2eW0pPy-H-3dQYi_fGmEAZGXBkjektUZAr2KaRk5MRtsIziMaO5AhZlIwugSTc0QGsvfi_QG4Pzcj:1qHhLE:XitMrDeTybaQAmYeYTZQA820QvMabeZPSkEchG4HjIo", "expire_date": "2023-07-21T09:01:28.817Z"}}, {"model": "home.testimony", "pk": 1, "fields": {"text": "Superb Italian cuisine delivered conveniently! Fast delivery, fresh ingredients, and rich flavors - pure delight! \r\nAnd high level of customer support service!", "author": "Anna Ivanova", "profession": "interior designer", "image": "static/avatars/ivanova.jpg"}}, {"model": "home.testimony", "pk": 2, "fields": {"text": "This Italian cuisine delivery restaurant is a real gem! Exquisite dishes, perfectly cooked and prepared with love. I always order again!", "author": "Maxim Petrov", "profession": "banker", "image": "static/avatars/petrov.jpg"}}, {"model": "home.testimony", "pk": 3, "fields": {"text": "Excellent Italian cuisine that you can enjoy at home. Well-balanced flavors, attentive staff, and excellent service. I will order more in the future!", "author": "Elena Smirnova", "profession": "lawyer", "image": "static/avatars/smirnova.jpg"}}, {"model": "home.testimony", "pk": 4, "fields": {"text": "A perfect combination of quality and taste! The delivery was fast, the food was warm and flavorful. A true piece of Italy right at your doorstep. This is my favorite delivery!", "author": "Alexey Kozlov", "profession": "photographer", "image": "static/avatars/kozlov.jpg"}}, {"model": "home.testimony", "pk": 5, "fields": {"text": "A taste that mesmerizes! The Italian cuisine delivery restaurant will delight you with exquisite dishes and true Italian flair. Highly recommended!", "author": "Olga Morozova", "profession": "psychologist", "image": "static/avatars/morozova.jpg"}}, {"model": "home.testimony", "pk": 6, "fields": {"text": "I'm never disappointed with this Italian cuisine delivery restaurant. Amazing flavor combinations, superb quality, and unparalleled service.", "author": "Igor Kuznetsov", "profession": "entrepreneur", "image": "static/avatars/kuznetsov.jpg"}}, {"model": "home.testimony", "pk": 7, "fields": {"text": "An enchanting delivery restaurant that will please even the most discerning gourmet. Italian delicacies, attention to detail, and a pleasant atmosphere.", "author": "Natalia Volkova", "profession": "journalist", "image": "static/avatars/volkova.jpg"}}, {"model": "cart.cart", "pk": 38, "fields": {"user": 1, "product": 1, "quantity": 3, "created_at": "2023-07-14T13:40:56.704Z", "updated_at": "2023-07-14T13:41:22.840Z"}}, {"model": "cart.cart", "pk": 39, "fields": {"user": 1, "product": 2, "quantity": 1, "created_at": "2023-07-14T13:41:13.873Z", "updated_at": "2023-07-14T13:41:13.873Z"}}, {"model": "cart.cart", "pk": 41, "fields": {"user": 1, "product": 18, "quantity": 2, "created_at": "2023-07-15T14:14:59.109Z", "updated_at": "2023-07-15T14:28:37.345Z"}}, {"model": "cart.wishlist", "pk": 6, "fields": {"user": 1, "product": 1}}, {"model": "shop.category", "pk": 1, "fields": {"name": "Pizza", "image": "static/category/Category-pizza.jpg"}}, {"model": "shop.category", "pk": 2, "fields": {"name": "Pasta", "image": "static/category/category-pasta.png"}}, {"model": "shop.category", "pk": 3, "fields": {"name": "Beverages", "image": "static/category/Category-beverages-1.jpg"}}, {"model": "shop.category", "pk": 4, "fields": {"name": "Appetizers", "image": "static/category/category-appetizers.png"}}, {"model": "shop.product", "pk": 1, "fields": {"name": "Pepperoni Pizza", "description": "Ingredients:\r\n\r\nThin crust made from wheat flour\r\nTomato sauce\r\nMozzarella cheese\r\nPepperoni (spicy beef sausage)\r\nChili pepper (optional)\r\nItalian herbs (a blend of basil, oregano, and rosemary)\r\nFresh basil (for garnish)\r\nPepperoni pizza is a classic dish from Italian cuisine, known for its rich flavor and delicious combination of spicy pepperoni sausage and melted mozzarella cheese. The thin crust, tomato sauce, and aromatic Italian herbs add zest and depth to the taste. For those who enjoy spice, a few slices of chili pepper can be added. Pepperoni pizza is often garnished with fresh basil to accentuate its Italian roots.\r\n\r\nThe pizza will be prepared and delivered to you fresh and hot, so you can enjoy this delightful dish right in the comfort of your own home.", "price": "15.00", "image": "static/products/pizza-pepperoni.jpg", "category": 1, "created_time": "2023-06-12T08:48:56.424Z", "updated_time": "2023-06-12T08:48:56.424Z"}}, {"model": "shop.product", "pk": 2, "fields": {"name": "Margherita pizza", "description": "Ingredients:\r\n\r\nThin crust made from wheat flour\r\nTomato sauce\r\nFresh mozzarella cheese\r\nFresh basil leaves\r\nExtra-virgin olive oil\r\nSalt and pepper \r\nMargherita pizza is a timeless classic that embodies the simplicity and elegance of Italian cuisine. It features a thin crust made from wheat flour, topped with a flavorful tomato sauce. The star of the show is the fresh mozzarella cheese, which melts beautifully to create a creamy and indulgent base. To enhance the aroma and freshness, fragrant basil leaves are scattered across the pizza. A drizzle of extra-virgin olive oil adds a touch of richness, while a sprinkle of salt and pepper completes the harmonious flavor profile.\r\n\r\nThis pizza is a celebration of the finest ingredients, allowing each component to shine through. It is a true crowd-pleaser, loved for its delicate balance and clean, vibrant flavors. The Margherita pizza is prepared with care and delivered to your doorstep, ensuring that you can savor its deliciousness in the comfort of your own home.", "price": "10.00", "image": "static/products/pizza-margarita.jpg", "category": 1, "created_time": "2023-06-12T08:53:22.098Z", "updated_time": "2023-06-12T08:53:22.098Z"}}, {"model": "shop.product", "pk": 3, "fields": {"name": "Four Cheese Pizza", "description": "Ingredients:\r\n\r\nThin crust made from wheat flour\r\nTomato sauce\r\nMozzarella cheese\r\nGouda cheese\r\nBlue cheese\r\nParmesan cheese\r\nItalian herbs (a blend of basil, oregano, and rosemary)\r\nFresh basil \r\n\r\nFour Cheese Pizza is a true delight for cheese connoisseurs. The thin crust made from wheat flour serves as the perfect base for a luscious tomato sauce. This pizza is literally covered in a sea of cheeses: mozzarella, gouda, blue cheese, and parmesan. Mozzarella brings smoothness and tenderness, gouda adds a mild flavor, blue cheese provides a salty and tangy kick, while parmesan contributes its unique aroma. Generously sprinkled with a blend of Italian herbs, it offers depth of flavor, and fresh basil garnishes the pizza, enhancing its aroma and aesthetics.\r\n\r\nFour Cheese Pizza is a celebration for cheese lovers. Each cheese imparts its own distinct character, creating a harmonious and rich taste profile. Enjoy this exquisite dish, prepared with love and delivered straight to your table.", "price": "14.00", "image": "static/products/pizza-4cheese.jpg", "category": 1, "created_time": "2023-06-12T08:55:21.708Z", "updated_time": "2023-06-12T08:55:21.708Z"}}, {"model": "shop.product", "pk": 4, "fields": {"name": "Vegetarian Pizza", "description": "Ingredients:\r\n\r\nThin crust made from wheat flour\r\nTomato sauce\r\nMozzarella cheese\r\nFeta cheese\r\nMushrooms\r\nTomatoes\r\nSweet bell peppers\r\nOnion\r\nOlive oil\r\nItalian herbs (a blend of basil, oregano, and rosemary)\r\nFresh basil \r\n\r\nVegetarian Pizza is a dish that delights not only vegetarians but also anyone who appreciates fresh and flavorful ingredients. The thin crust made from wheat flour serves as the base for a mouthwatering tomato sauce. This pizza showcases a variety of cheeses: melty mozzarella and crumbled feta, providing a salty and delicate touch. Mushrooms, tomatoes, sweet bell peppers, and onion add a variety of textures and freshness. Olive oil and a blend of Italian herbs, including basil, oregano, and rosemary, are used for seasoning. The pizza is garnished with fresh basil, enhancing its appetizing appearance.\r\n\r\nVegetarian Pizza is a culinary delight for all lovers of plant-based cuisine. It offers a range of flavors and textures, reflecting the richness of fresh vegetables and cheeses. Enjoy this exquisite dish, prepared with care and delivered straight to your table.", "price": "10.00", "image": "static/products/pizza-veg.jpg", "category": 1, "created_time": "2023-06-12T08:57:20.715Z", "updated_time": "2023-06-12T08:57:20.715Z"}}, {"model": "shop.product", "pk": 5, "fields": {"name": "Prosciutto Funghi Pizza", "description": "Ingredients:\r\n\r\nThin crust made from wheat flour\r\nTomato sauce\r\nMozzarella cheese\r\nProsciutto ham\r\nMushrooms (usually button mushrooms)\r\nParmesan cheese\r\nFresh arugula (for garnish)\r\nOlive oil\r\nSalt and pepper \r\n\r\nProsciutto Funghi Pizza is an exquisite combination of savory prosciutto ham, flavorful mushrooms, and delicate cheese on a thin wheat crust. It features a delicious tomato sauce as the base, while the melted mozzarella cheese creates a creamy foundation. The Prosciutto ham adds a salty and rich taste, and the mushrooms provide texture and aroma. Parmesan cheese complements the composition with its rich flavor profile. Before serving, the pizza is garnished with fresh arugula, adding a touch of freshness and aesthetic appeal. For additional flavor variation, we add a drizzle of olive oil, salt and pepper. \r\n\r\nProsciutto Funghi Pizza is a delight for connoisseurs of refined Italian cuisine. Each ingredient contributes its own unique element, creating a perfect harmony of flavors. Enjoy this exquisite dish, prepared with love and delivered straight to your table.", "price": "15.00", "image": "static/products/pizza-proshuto.jpg", "category": 1, "created_time": "2023-06-12T09:02:28.693Z", "updated_time": "2023-06-12T09:02:28.693Z"}}, {"model": "shop.product", "pk": 6, "fields": {"name": "Carbonara Pasta", "description": "Ingredients:\r\n\r\nSpaghetti from wheat flour\r\nGuanciale (Italian air-dried pork cheek) or pancetta (Italian bacon)\r\nEgg yolks\r\nParmesan cheese\r\nFreshly ground black pepper\r\nSalt \r\nFresh parsley \r\n\r\nCarbonara Pasta is a classic Italian dish known for its rich flavor and simplicity. It starts with fresh spaghetti cooked until al dente, achieving the perfect balance of firmness. The highlight of the dish is guanciale or pancetta, which imparts a unique aromatic note to the Carbonara. Egg yolks add creaminess and a rich taste. A generous sprinkling of Parmesan cheese adds depth and richness to the pasta. Freshly ground black pepper and salt provide a touch of spiciness and season the dish to taste. Before serving, Carbonara Pasta is garnished with fresh parsley, enhancing its appetizing appearance.\r\n\r\nCarbonara Pasta is a celebration of Italian cuisine, enchanting you with refined flavors and aromas. Enjoy this exquisite dish, prepared with love and a passion for Italian culinary traditions.", "price": "10.00", "image": "static/products/pasta-carbonara.jpg", "category": 2, "created_time": "2023-06-12T09:13:31.603Z", "updated_time": "2023-06-12T09:13:31.603Z"}}, {"model": "shop.product", "pk": 7, "fields": {"name": "Bolognese Pasta", "description": "Ingredients:\r\n\r\nSpaghetti from wheat flour\r\nGround beef\r\nCarrot\r\nCelery\r\nGarlic\r\nTomato paste\r\nCrushed tomatoes\r\nRed wine \r\nBeef broth\r\nOlive oil\r\nItalian herbs (a blend of basil, oregano, and thyme)\r\nSalt and pepper \r\nFresh parsley \r\nParmesan cheese \r\n\r\nBolognese Pasta is a timeless Italian dish that captivates with its hearty and robust flavors. It begins with al dente spaghetti, perfectly cooked to retain a satisfying bite. The star of the show is the flavorful ground beef, simmered with a medley of finely chopped onion, carrot, celery, and garlic. Tomato paste and crushed tomatoes add a rich tomato base, while a splash of red wine enhances the complexity of the sauce. Beef broth further enriches the flavors, resulting in a luscious and savory Bolognese sauce. A drizzle of olive oil and a blend of Italian herbs, including basil, oregano, and thyme, enhance the aromatic profile.\r\n\r\nBolognese Pasta is a beloved classic that showcases the essence of Italian comfort food. Indulge in this exquisite dish, prepared with care and respect for traditional flavors.", "price": "10.00", "image": "static/products/pasta-boloneze.jpg", "category": 2, "created_time": "2023-06-12T09:16:49.611Z", "updated_time": "2023-06-12T09:16:49.611Z"}}, {"model": "shop.product", "pk": 8, "fields": {"name": "Tagliatelle with Shrimp in Creamy Sauce", "description": "Ingredients:\r\n\r\nTagliatelle pasta\r\nShrimp (peeled and deveined)\r\nGarlic\r\nShallot\r\nCream\r\nWhite wine\r\nFresh parsley (finely chopped)\r\nLemon juice\r\nSalt and pepper \r\nParmesan cheese \r\n\r\nTagliatelle with Shrimp in Creamy Sauce is an exquisite dish that combines fresh seafood with a rich and creamy sauce. Tagliatelle pasta, with its wide and flat ribbons, perfectly holds the flavorful sauce. The shrimp adds a touch of freshness and tenderness, and their succulent taste pairs beautifully with sauted garlic and shallots. Cream adds richness and creaminess, while white wine enhances the aroma of the seafood. A sprinkle of freshly chopped parsley and a splash of lemon juice add a fresh and vibrant taste to the pasta. \r\n\r\nTagliatelle with Shrimp in Creamy Sauce is an Italian delicacy that delights food enthusiasts with its richness and elegant combination of ingredients. Indulge in this refined dish, prepared with love and meticulous attention to detail.", "price": "12.00", "image": "static/products/pasta-shrimp.jpg", "category": 2, "created_time": "2023-06-12T09:20:49.692Z", "updated_time": "2023-06-12T09:20:49.692Z"}}, {"model": "shop.product", "pk": 9, "fields": {"name": "Spaghetti Aglio e Olio with Shrimp", "description": "Ingredients:\r\n\r\nSpaghetti\r\nShrimp (peeled and deveined)\r\nGarlic\r\nOlive oil\r\nRed pepper flakes\r\nFresh parsley (finely chopped)\r\nSalt \r\n\r\nSpaghetti Aglio e Olio with Shrimp is a classic Italian dish that is simple to prepare yet impresses with its rich flavors. The foundation of this pasta is al dente cooked spaghetti, tender and resilient pasta ribbons. The shrimp adds freshness and tenderness to the dish, while garlic and olive oil create the base of a flavorful sauce. Red pepper flakes add a hint of spice, and freshly chopped parsley brings a vibrant and fresh taste to the pasta. The harmonious combination of ingredients creates a sublime dish that is incredibly appetizing and enticing.\r\n\r\nSpaghetti Aglio e Olio with Shrimp is a celebration of Italian cuisine, allowing you to savor the simplicity and purity of flavors. Unwind and indulge in this exquisite dish, prepared with love and respect for the traditions of Italian culinary art.", "price": "11.00", "image": "static/products/pasta-olio.jpg", "category": 2, "created_time": "2023-06-12T09:38:36.651Z", "updated_time": "2023-06-12T09:38:36.651Z"}}, {"model": "shop.product", "pk": 10, "fields": {"name": "Four Cheese Pasta with Truffle", "description": "Ingredients:\r\n\r\nPasta (penne or fettuccine)\r\nGorgonzola (blue cheese)\r\nParmesan (hard cheese)\r\nPecorino (sharp cheese)\r\nMozzarella (soft cheese)\r\nGarlic\r\nCream\r\nTruffle oil\r\nSalt and pepper (to taste)\r\nFresh basil\r\n\r\nFour Cheese Pasta with Truffle is an embodiment of elegance and gastronomic pleasure. It is based on the combination of several types of cheese, each imparting its own distinct note to the dish. Gorgonzola adds tanginess and creaminess, Parmesan brings richness and a slightly salty taste, Pecorino contributes sharpness and delicate piquancy, while Mozzarella lends a soft and creamy texture to the sauce. Garlic and cream create the base of the aromatic sauce, while truffle oil adds luxury and sophistication. The pasta is cooked al dente to maintain its firmness and texture. \r\n\r\nFour Cheese Pasta with Truffle is an embodiment of Italian gastronomic refinement that captivates the eyes and delights the taste buds. Allow yourself to indulge in this exquisite dish, prepared with love and meticulous attention to detail.", "price": "14.00", "image": "static/products/pasta-cheese.jpg", "category": 2, "created_time": "2023-06-12T09:41:12.597Z", "updated_time": "2023-06-12T09:41:12.597Z"}}, {"model": "shop.product", "pk": 11, "fields": {"name": "Aranciata", "description": "Aranciata is a refreshing and invigorating beverage that energizes and uplifts the spirits. Originally hailing from Sicily, this drink has gained popularity worldwide due to its vibrant flavor and unique ambiance it creates.\r\n\r\nAranciata is crafted from the juice of fresh oranges, combined with a natural syrup made from mandarins, known as \"marenghi,\" adding citrus harmony to the mix. The beverage boasts a bright orange color and a refreshing aroma that unfolds with every sip.\r\n\r\nThe taste of Aranciata balances the sweetness of ripe oranges with a subtle tanginess of citrus, creating a harmonious blend on the palate. It has a pleasant texture and a gentle effervescence that adds playfulness to each gulp. Aranciata is perfect for cooling off on a hot day or simply enjoying a fresh and fruity drink at any time of the year.\r\n\r\nCrafted with care using only natural ingredients, Aranciata offers a distinctive taste and an unforgettable experience. Try this Italian classic beverage and immerse yourself in the world of authentic Sicilian gastronomy.", "price": "5.00", "image": "static/products/aranciata.jpg", "category": 3, "created_time": "2023-06-12T09:46:22.989Z", "updated_time": "2023-06-12T09:46:22.989Z"}}, {"model": "shop.product", "pk": 12, "fields": {"name": "Crodino", "description": "Crodino is a unique Italian non-alcoholic beverage that delights with its fresh and fruity flavor. It has become an icon of Italian culture and is popular for its refined and invigorating nature.\r\n\r\nCrodino is crafted from carefully selected citrus fruits and herbal extracts, giving it a distinctive character. The beverage has a bright amber color and a pleasant aroma that fills the air with freshness and energy.\r\n\r\nThe taste of Crodino is rich with fruity notes, balancing the sweetness of oranges and lemons with a gentle bitterness from the herbal ingredients. It has a harmonious texture and a delicate effervescence that creates a pleasant tangy sensation on the palate. Crodino is perfect for enjoying its refreshing taste at any time of the day.\r\n\r\nCrodino is not just a beverage, it is a part of Italian culture and lifestyle. It is made with love and careful selection of natural ingredients to offer you a unique and unforgettable journey into the world of Italian gastronomy. Try Crodino and indulge in its distinctive and invigorating character that will delight you with every sip.", "price": "5.00", "image": "static/products/crodino.jpg", "category": 3, "created_time": "2023-06-12T09:55:58.521Z", "updated_time": "2023-06-12T09:55:58.521Z"}}, {"model": "shop.product", "pk": 13, "fields": {"name": "Chinotto", "description": "Chinotto is a classic Italian carbonated beverage with a unique taste and aroma. It represents the perfect blend of citrus and herbal notes, creating a distinct and refreshing drink.\r\n\r\nChinotto is made from carefully selected ingredients, including orange and lemon peels, infused with secret herbal extracts. The beverage boasts a rich caramel color and a fresh aroma that unfolds with every sip.\r\n\r\nThe taste of Chinotto is characterized by sweet and bittersweet citrus nuances, balanced with gentle bitterness and herbal undertones. It has a refreshing texture and moderate carbonation, creating a pleasant sensation on the palate. Chinotto is perfect for enjoying its refreshing taste at any time of the day.\r\n\r\nChinotto embodies the Italian passion and zest for life. It is crafted with respect for traditions and using only the finest ingredients to offer you a unique and unforgettable taste experience. Discover Chinotto and let this classic Italian beverage immerse you in the atmosphere of Italian gastronomy.", "price": "5.00", "image": "static/products/chinotto.jpg", "category": 3, "created_time": "2023-06-12T09:58:13.352Z", "updated_time": "2023-06-12T09:58:13.352Z"}}, {"model": "shop.product", "pk": 14, "fields": {"name": "Marocchino", "description": "Marocchino is an authentic Italian beverage that combines the delicacy of espresso with the richness of chocolate. It is a true delight for coffee and sweet lovers, offering genuine pleasure and gastronomic indulgence.\r\n\r\nMarochino is prepared using espresso and steamed milk, infused with a gentle chocolate syrup. The beverage showcases a deep brown color and an enticing aroma that fills the air, tempting and awakening the senses.\r\n\r\nThe taste of Marochino is rich with the harmony of coffee and chocolate, featuring subtle sweetness and a delicate hint of bitterness, creating a perfect balance on the palate. It has a smooth and creamy texture that immerses you in a luxurious taste experience. Marochino is perfect for savoring in a cozy setting or enjoying in the company of friends.\r\n\r\nMarochino is the art of blending coffee and chocolate, bringing Italian passion and joy into your cup. Indulge in this authentic Italian beverage, crafted with love and artistry, and allow yourself to immerse in the world of true Italian gastronomic experience.", "price": "4.00", "image": "static/products/marochino.jpg", "category": 3, "created_time": "2023-06-12T10:00:56.032Z", "updated_time": "2023-06-12T10:00:56.032Z"}}, {"model": "shop.product", "pk": 15, "fields": {"name": "Cedrata", "description": "Cedrata is a refreshing Italian carbonated beverage with a unique blend of citrus and herbal flavors. It offers true pleasure and is the perfect companion on hot summer days.\r\n\r\nCedrata is crafted from citrus extracts, including lemon and orange, combined with natural herbal ingredients. The beverage showcases a vibrant and appealing golden color that entices you to savor every sip.\r\n\r\nThe taste of Cedrata delights with the freshness of lemon, the sweetness of orange, subtle bitterness, and gentle herbal notes. It has a invigorating texture and pleasant carbonation, creating a light and refreshing sensation on the palate. Cedrata is perfect for quenching your thirst and enjoying its delightful taste at any time of the day.\r\n\r\nCedrata is an Italian classic that brings freshness and a rejuvenating experience in every bottle. It is made with quality ingredients to offer you an unmatched taste and satisfaction. Discover Cedrata and let this Italian beverage enliven your day and bring you moments of joy and delight.", "price": "4.00", "image": "static/products/cedrata.jpg", "category": 3, "created_time": "2023-06-12T10:03:38.365Z", "updated_time": "2023-06-12T10:03:38.365Z"}}, {"model": "shop.product", "pk": 16, "fields": {"name": "Bruschetta with Ricotta and Sweet Tomatoes", "description": "Ingredients:\r\n\r\nSlices of fresh bread (grilled)\r\nRicotta cheese - a delicate Italian cheese\r\nSweet tomatoes - juicy and ripe, thinly sliced\r\nFresh basil - for aromatic and green garnish\r\nExtra Virgin olive oil - for added richness and noble flavor\r\nSalt and pepper \r\n\r\nBruschetta with Ricotta and Sweet Tomatoes is an authentic Italian dish that offers an unparalleled combination of textures and flavors. Slices of fresh bread, grilled to a crisp golden crust, serve as the base for this bruschetta.\r\n\r\nOn each slice of bread, a generous portion of ricotta cheese is spread - a creamy and smooth Italian cheese with subtle acidic notes. Thin slices of sweet tomatoes are then added, providing the bruschetta with a fresh and fruity taste.\r\n\r\nBruschetta with Ricotta and Sweet Tomatoes is garnished with fresh basil, which adds aroma and freshness to each bite. Before serving, the bruschetta is drizzled with Extra Virgin olive oil, imparting a rich and noble flavor to the dish.\r\n\r\nThis dish is a perfect choice for lovers of Italian cuisine. Bruschetta with Ricotta and Sweet Tomatoes makes a wonderful appetizer or a delicious snack throughout the day. Its fresh and juicy taste will tempt you and leave you craving for more.", "price": "6.00", "image": "static/products/bruschetta.jpg", "category": 4, "created_time": "2023-06-12T10:15:13.464Z", "updated_time": "2023-06-12T10:15:13.464Z"}}, {"model": "shop.product", "pk": 17, "fields": {"name": "Pizzaetta prosciutto fungi", "description": "Ingredients:\r\n\r\nThin round pizza dough\r\nFlavorful tomato sauce\r\nMozzarella cheese\r\nProsciutto\r\nMushrooms\r\nFresh basil\r\nSalt and pepper \r\n\r\nPizzaetta is an appetizing Italian appetizer that pizza lovers will enjoy. It is a miniature version of pizza, perfect for snacking or sharing with friends.\r\n\r\nA generous amount of flavorful tomato sauce is spread over the dough, infusing it with a rich and satisfying taste. Next, a generous portion of melted mozzarella cheese is sprinkled on top, creating a perfect blend with the dough and other ingredients.\r\n\r\nThe pizzaetta is then topped with slices of savory prosciutto, adding a tender and aromatic flavor. Sliced mushrooms are also added, providing a delightful earthy taste and adding a textural contrast to the appetizer.\r\n\r\nBefore baking, the pizzaetta is garnished with fresh basil, enhancing the dish with its aromatic freshness. \r\n\r\nThe pizzaetta is baked in the oven until it acquires a golden crust while maintaining its thin and crispy texture, perfectly melding with the toppings. This small pizza offers a well-balanced combination of textures and flavors.\r\n\r\nPizzaetta with ham and mushrooms is an ideal appetizer for social gatherings or family dinners. It allows you to explore different tastes and enjoy the diversity of pizza in a mini format.", "price": "6.00", "image": "static/products/pizzetta.png", "category": 4, "created_time": "2023-06-12T10:27:24.253Z", "updated_time": "2023-06-12T10:27:24.253Z"}}, {"model": "shop.product", "pk": 18, "fields": {"name": "Tramezzino Sandwich", "description": "Ingredients :\r\n\r\nSoft white bread\r\nHam\r\nEmmental cheese\r\nFresh lettuce leaves\r\nTomatoes\r\nMayonnaise for spreading\r\nSalt and pepper \r\n\r\nThe Tramezzino Sandwich is a classic Italian sandwich that has gained popularity for its simplicity and delicious flavor combinations.\r\n\r\nTramezzino Sandwich starts with two slices of soft white bread. The bread is chosen for its tender texture, ensuring a perfect pairing with the filling.\r\n\r\nThe slices of bread are spread with mayonnaise to add a touch of creaminess and enhance the taste. Next, a layer of ham is placed on one side of the bread, providing a savory and salty note to the sandwich.\r\n\r\nOn top of the ham, a thin layer of Emmental cheese is added, contributing a creamy and mild flavor to the filling. Fresh lettuce leaves are then placed, adding a crisp and refreshing element to the sandwich.\r\n\r\nTo finish, tomatoes are added on top of the lettuce, providing juiciness and a burst of freshness. A pinch of salt and pepper can be added to taste for seasoning.\r\n\r\nThe assembled Tramezzino Sandwich is carefully cut into halves or triangles, creating an appealing and appetizing presentation. This sandwich with ham, Emmental cheese, and fresh vegetables is perfect for a light snack or lunch.\r\n\r\nThe Tramezzino Sandwich with ham, Emmental cheese, and fresh vegetables offers a harmonious combination of flavors and textures that satisfies hunger and brings enjoyment.", "price": "7.00", "image": "static/products/tramezzino.jpg", "category": 4, "created_time": "2023-06-12T10:35:24.217Z", "updated_time": "2023-06-12T10:35:24.217Z"}}, {"model": "shop.product", "pk": 19, "fields": {"name": "Beef Tartare with Parmesan Mousse", "description": "Ingredients:\r\n\r\nFresh high-quality beef, finely chopped\r\nCapers, finely chopped\r\nFresh lemon juice\r\nDijon mustard\r\nSoy sauce\r\nWorcestershire sauce\r\nSalt and freshly ground black pepper \r\nParmesan cheese, grated\r\nCream\r\n\r\nBeef Tartare with Parmesan Mousse is an exquisite dish that captivates with its combination of tender beef and flavorful Parmesan cheese.\r\n\r\nTo prepare the tartare, fresh high-quality beef is finely chopped to achieve the perfect texture. The beef 100% fresh and of exceptional quality to ensure both safety and enjoyment.\r\n\r\nThe tartare is enhanced with finely chopped capers , which add a special flavor accent to the dish. Fresh lemon juice is added for a refreshing touch and to bring brightness to the taste. Dijon mustard, soy sauce, and Worcestershire sauce are incorporated for depth and complexity of flavor.\r\n\r\nSalt and freshly ground black pepper are added, achieving a harmonious balance of flavors. These simple seasonings accentuate the taste of the beef and provide a hint of spiciness and aroma to the tartare.\r\n\r\nFor the Parmesan mousse, grated Parmesan cheese and cream are combined until a smooth and creamy consistency is achieved. This Parmesan mousse adds a delicate and refined touch to the dish, creating a magnificent combination with the beef.\r\n\r\nBeef Tartare with Parmesan Mousse is served on a plate, presenting an elegant appearance. It is perfect as an appetizer or a main course for those who appreciate exquisite Italian cuisine.\r\n\r\nIndulge in the pleasure of juicy beef, flavorful Parmesan, and the sophisticated blend of spices in Beef Tartare with Parmesan Mousse.", "price": "10.00", "image": "static/products/beeftartar.jpg", "category": 4, "created_time": "2023-06-12T10:42:51.753Z", "updated_time": "2023-06-12T10:42:51.753Z"}}, {"model": "shop.product", "pk": 20, "fields": {"name": "Salmon Tartare with Creamy Soft Cheese", "description": "Ingredients:\r\n\r\nFresh salmon fillet, finely chopped\r\nCapers, finely chopped\r\nLemon juice\r\nFresh dill, finely chopped\r\nCreamy soft cheese\r\nSalt and freshly ground black pepper \r\nToast for serving\r\n\r\nSalmon Tartare with Creamy Soft Cheese is an exquisite dish that combines the fresh and delicate flavor of salmon with creamy soft cheese.\r\n\r\nTo prepare the tartare, fresh salmon fillet is finely chopped to achieve the perfect texture. The salmon 100% fresh and of high quality to ensure both safety and exceptional taste.\r\n\r\nThe tartare is enhanced with finely chopped capers, which add a unique aroma and a subtle spiciness to the dish. Lemon juice is added to bring a refreshing touch and to accentuate the flavors. Fresh dill, finely chopped, is incorporated to enhance the aromatic profile of the salmon.\r\n\r\nCreamy soft cheese is mixed with the tartare, adding a smooth and creamy texture. The cheese brings richness and depth of flavor, creating a harmonious combination with the salmon.\r\n\r\nSalt and freshly ground black pepper are added, achieving a perfect balance of flavors. These simple seasonings highlight the natural taste of the salmon and complement its delicate nature.\r\n\r\nSalmon Tartare with Creamy Soft Cheese is served on toast, creating a delightful contrast of textures. It is perfect as an appetizer or a light main course for those who appreciate refined flavors.", "price": "10.00", "image": "static/products/salmontartar.png", "category": 4, "created_time": "2023-06-12T10:56:02.935Z", "updated_time": "2023-06-12T10:56:02.935Z"}}, {"model": "shop.discount", "pk": 1, "fields": {"product": 1, "value": 50, "date_begin": "2023-06-12T12:15:34Z", "date_end": "2023-06-30T12:15:42Z"}}, {"model": "shop.discount", "pk": 2, "fields": {"product": 6, "value": 10, "date_begin": "2023-06-12T12:16:03Z", "date_end": "2023-06-30T12:16:08Z"}}, {"model": "shop.discount", "pk": 3, "fields": {"product": 11, "value": 15, "date_begin": "2023-06-12T12:16:20Z", "date_end": "2023-06-30T12:16:24Z"}}, {"model": "shop.discount", "pk": 4, "fields": {"product": 16, "value": 20, "date_begin": "2023-06-12T12:16:34Z", "date_end": "2023-06-30T12:16:41Z"}}, {"model": "blog.article", "pk": 1, "fields": {"title": "Interesting Pizza Facts", "preview": "5 interesting facts about pizza", "content": "<h4>1. Square pizza</h4>The shape of the original Italian pizza was square. Today it is better known as \"Sicilian\". At first, Romano cheese was also used to make pizza, and then they switched to mozzarella, beloved by many today.\r\n\r\n<h4>2. The average slice of pizza is 25% protein.</h4>This was reported by the US Department of Agriculture. In addition, pizza provides 35% of the daily protein intake.\r\n\r\n<h4>3. One of the first documented online purchases was pizza.</h4>Pepperoni with mushrooms and extra cheese. It was one of the first recorded purchases made online around 1994. More purchases are now made online than any other way.\r\n\r\n<h4>4. Pizza Eating Record.</h4>In 2006, Cristian Dumitru from Romania set a new world record by eating 90 kg of pizza in a week. Another record belongs to the Japanese Takeru Kobayashi, who in 2014 ate 62 slices of pizza (15 and a half pizzas) in 12 minutes.\r\n\r\n<h4>5. Pizza Margherita was named after Queen Margherita of Italy.</h4>Raffaele Esposito, a pizza maker, was commissioned by the Royal Palace to create a pizza in honor of Queen Margherita of Savoy. Of the three different pizzas he made, the queen's favorite was the pizza in the colors of the Italian flag - red (tomatoes), green (basil) and white (mozzarella).", "image": "static/blog/pizzafact.png", "cover": "static/blog/cover_pizza_GotSPua.jpg", "publication_date": "2023-06-04"}}, {"model": "blog.article", "pk": 2, "fields": {"title": "Interesting Pasta Facts", "preview": "5 interesting facts about pasta", "content": "<h4>1. Etymology</h4>As is known, all types of pasta are called \"pasta\" by Italians (and macaroni is just one of more than 350 varieties!). \r\nThe name itself comes from the ancient Greek word \"pasta,\" which translates to \"flour with sauce.\"\r\n\r\n<h4>2. History</h4>Italian historians persistently argue to the world that spaghetti was widely consumed in Sicily at least two centuries before Marco Polo's journey to Asia. Therefore, even if he brought them in the 13th century as a \"Chinese souvenir,\" it does not mean that they were first invented there. Scientists cite a 1154 guidebook by the Arab geographer Al-Idrisi as evidence, which mentions a \"pasta product in the form of threads\" originating from Palermo.\r\n\r\n<h4>3. Hygiene</h4>Up until the 19th century, pasta dough was kneaded... with feet. Workers would tread barefoot to the music played on the mandolin. \r\nThis continued until King Ferdinand II of the Two Sicilies (1830-1859) hired engineers to design a new, more hygienic and automated production system.\r\n\r\n<h4>4. Health</h4>Pasta provides a lot of energy to the body and is good against stress because the B-group vitamins it contains help the nervous system function properly, relieving muscle tension, headaches, insomnia, and even nervous ticks. They also improve mood since pasta increases \r\nserotonin production. They have a low glycemic index as complex carbohydrates, which helps prevent cardiovascular diseases and even tumors.\r\n\r\n<h4>5. Quality</h4>How to recognize quality Italian pasta? Here are three parameters to consider when choosing a product. Firstly, the amount of protein: a minimum content of 10.5% (11.5% for whole grain pasta). Secondly, the label \"trafilata al bronzo\": when pasta is processed with a special bronze mold, which makes its surface rough, it better \"grabs\" different sauces. Thirdly, the water after boiling: the clearer it is, the less starch and protein the pasta lost during the cooking process.", "image": "static/blog/pastafact.jpg", "cover": "static/blog/cover_pasta.jpg", "publication_date": "2023-06-21"}}, {"model": "blog.article", "pk": 3, "fields": {"title": "Popular facts about Italian cuisine", "preview": "5 facts about Italian cuisine", "content": "<h5>Italian cuisine is one of the most famous and popular cuisines in the world, thanks to its unique and diverse culture and traditions. \r\nIt is known for its simple yet delicious ingredient combinations, the use of natural and fresh ingredients, as well as the emphasis on seasonality and ingredient availability. \r\nItalian cuisine is also renowned for its famous dishes such as pasta, pizza, and tiramisu, as well as its wide use of herbs, spices, and cheeses. \r\nIf you haven't tried Italian cuisine yet, we recommend experiencing its richness and variety, as it might become your favorite type of cuisine.</h5>\r\n\r\n1.\tItalians are the largest consumers of pasta in the world. This is due to their culture and traditions. Italians consider pasta as the staple of their diet and eat it as a main dish rather than as a side or an accompaniment to meat or fish. Additionally, Italy has a wide variety of pasta types that differ in shape, size, and texture.\r\n\r\n2.\tOne of the most popular ingredients in Italian cuisine is tomatoes, which are used in the majority of dishes. Italians invented a method of preserving tomatoes that allows them to maintain freshness and flavor throughout the year. As a result, they can use fresh tomatoes even during the winter season. Moreover, tomatoes are a rich source of vitamin C and antioxidants.\r\n\r\n3.\tItalian cuisine extensively utilizes cheeses such as Parmesan, mozzarella, and gorgonzola. Cheeses are used in many dishes, including pizza, pasta, and salads. Each region of Italy has its own unique cheeses that vary in texture and taste.\r\n4.\tCaprese salad is one of the most popular salads in Italian cuisine. It consists of mozzarella, tomatoes, and basil. Caprese was invented on the island of Capri in the 1950s and quickly gained popularity worldwide. This salad is an excellent choice for a summer meal as it is very light and refreshing.\r\n\r\n5.\tSeafood dishes such as calamari, octopus, mussels, and others are widely prevalent. This is due to Italy's geographical location along the Mediterranean coast. Seafood dishes are extensively used in Italian cuisine and have a multitude of preparation options, from fried to stewed.", "image": "static/blog/facts-cuisine.jpg", "cover": "static/blog/cover_facts-cuisine.jpg", "publication_date": "2023-06-29"}}, {"model": "blog.article", "pk": 4, "fields": {"title": "Italian Cuisine: The Perfect Food Formula", "preview": "Features of Italian Cuisine", "content": "<h6>Features of Italian Cuisine</h6>\r\nItalian food is undeniably one of the most visually appealing cuisines in the world, and the nature of its attractiveness is easily explained - it reflects the landscape and scenery, the sky and the sea, the village and the city, revealing the character of an Italian and their attitude towards life.\r\nAnd the attitude towards food itself, as the first Italian culinary book dates back to the first century BC.\r\n\r\nThis fact speaks for itself!\r\n\r\nThe importance that ancient people attached to food and its preparation processes is still distinctly felt in Italy today, especially when compared to other countries where the main criterion has become the speed of consumption rather than its quality.\r\n\r\nTraditional Italian cuisine originated in ancient Rome.\r\n\r\nDescriptions of luxurious feasts hosted by the Roman general Lucullus have come down to us to this day.\r\n\r\nAmong other exquisite dishes, they served rooster combs, flamingo tongue pt, pheasant brains, whole roasted pig carcasses on a spit.\r\n\r\nThat's why even now, a sumptuous feast with an abundance of delicacies is called \"Lucullan banquet\".\r\n\r\nOf course, in Italy, thousands of beautiful birds are no longer slaughtered for the gastronomic pleasure of the wealthy gourmets.\r\n\r\nBut the main ingredients of Italian cuisine have remained unchanged for many centuries.\r\n\r\nThese include fish and seafood, olive oil, various types of cheese, mushrooms, nuts, natural wine, fresh vegetables, and fruits.\r\n\r\nSuch a combination of ingredients allows for the preparation of many delicious and nutritionally rich dishes, which is why Italian cuisine is considered one of the healthiest.\r\n\r\nThis is also due to the peculiarities of Italian food preparation.\r\n\r\nIn Italy, vegetables and pasta are not overcooked; the heat treatment should be minimal.\r\n\r\n\"Al dente\" is the accepted degree of doneness, which helps preserve vitamins, pleasant crunch, and vibrant color in the ingredients.\r\n\r\nTo ensure that meat or fish pieces are crispy on the outside but juicy on the inside, they are often grilled.\r\n\r\nThe culture of cultivating olives and obtaining olive oil from them has existed in Italy since ancient times.\r\n\r\nIt is a kind of art, a national treasure.\r\n\r\nOlive oil is used in sauces, bruschetta, all types of pasta, and added to pizza dough.\r\n\r\nIngredients, season, region - this is the formula for success in the national cuisine that each person who is fortunate enough to experience the hospitality of beautiful Italy will discover for themselves.", "image": "static/blog/food-formula.png", "cover": "static/blog/cover_food-formula.jpg", "publication_date": "2023-07-04"}}, {"model": "blog.article", "pk": 5, "fields": {"title": "Misconceptions about Italian cuisine", "preview": "5 Serious Misconceptions about Italian Cuisine", "content": "<h6>5 Serious Misconceptions about Italian Cuisine</h6>\r\n\r\nIt seems like we know everything about Italian dishes. However, unfortunately, our most common beliefs about Italian cuisine are stereotypes.\r\n\r\nSinging odes to Italian cuisine is never-ending. Amazing cheeses, divine gelato, and exquisite wine are not exaggerations but everyday realities in the trattorias and osterias of this country. Pasta, carpaccio, caprese, and tiramisu - it seems like we know everything about these dishes. Unfortunately, our most common beliefs about Italian cuisine are stereotypes.\r\n\r\n<h4>1.\tThe famous Bolognese sauce is not eaten with spaghetti.</h4> The meat sauce in tomato sauce is served with tagliatelle, pappardelle, and cappelletti (varieties of pasta). It is also used as a filling for lasagna and eaten with mashed potatoes.\r\n\r\n<h4>2.\tKetchup is not a tomato sauce.</h4> Italians don't like it (to put it mildly), they don't add it to pasta, and they would never offer such a \"perilous mixture\" in a restaurant.\r\n\r\n<h4>3.\tPizza is a separate dish, not an appetizer to share.</h4> One person, one pizza.\r\n\r\n<h4>4.\tIn Italy, tables are rarely covered with red and white checkered tablecloths.</h4> Trattorias and pastry shops prefer a solid color palette. However, for some reason, Russian restaurateurs are fond of this pattern.\r\n\r\n<h4>5.\tItalians are not particularly fond of cappuccino.</h4> If they do drink it, it's usually in the first half of the day, often for breakfast instead of dessert (because of its high calorie content). In other times, they prefer concentrated ristretto or corretto. Cappuccino, like latte, is a drink for tourists.", "image": "static/blog/misconceptions_cuisine.jpg", "cover": "static/blog/cover_misconseptions.jpg", "publication_date": "2023-07-06"}}, {"model": "blog.article", "pk": 6, "fields": {"title": "Strange Habits of Italians That Russians Can't Understand", "preview": "5 Strange Habits of Italians That Russians Can't Understand", "content": "<h6>5 Strange Habits of Italians That Russians Can't Understand</h6?\r\n\r\nWe have gathered the most unusual habits of Italians that puzzle and bewilder tourists.\r\n\r\n<h4>1.\tRoad chaos</h4> Italians are highly emotional and temperamental, and it reflects in their driving culture. They love fast driving, cutting corners, impatiently honking at traffic lights, and sometimes even running red lights. This creates an atmosphere of chaos on Italian roads, which shocks foreigners. However, surprisingly, this blatant disregard for traffic rules and ignoring signals doesn't result in a high number of accidents in Italy. It often seems like the locals possess some special Italian principles of safe driving that remain a mystery to tourists.\r\n\r\n<h4>2.\t\"What did you have for lunch today?\"</h4> Apart from the emotional greetings and the obligatory \"How are you?\" question, Italians always inquire about what their friends had for lunch. From an outsider's perspective, this curiosity might seem somewhat strange or even inappropriate, but for locals, it's perfectly normal. Whether you dined at a trendy restaurant or had a homemade meal with your mom, your friend will listen attentively to all the details of your gastronomic experience with genuine interest.\r\n\r\n<h4>3.\tLet's disperse, it's siesta time</h4> Are you looking for a 24-hour Italian supermarket or gas station? Well, good luck with that. Such establishments are a rarity in Italy and can only be found in major cities in the north of the country. In the south, however, all shops, gas stations, and restaurants close daily at 1 p.m. because it's siesta timea period of post-lunch relaxation. The sellers don't return to their counters before 3 p.m., so keep this in mind when planning your daytime shopping.\r\n\r\n<h4>4.\tGenuine displays of friendship that can leave you blushing</h4> Italians are indeed a tactile nation. So, if you've met and engaged in a conversation with a local, don't be alarmed if they hug you and plant kisses on both your cheeks when they see you next. It's a standard friendly greeting for Italians (yes, they already consider you their friend). And if you spot men walking together holding hands, don't jump to conclusions. There's a high chance that they're not gay but just good friends. It's their way of showing their attachment to each other.\r\n\r\n<h4>5.\tItalian politeness</h4> Greeting phrases are considered good manners in Italy, and locals sometimes use them in the most peculiar situationsat least, from a foreigner's perspective. For example, if an Italian visits you at your home, they will greet you before you even reach the gate. Then, they will ask, \"Permesso?\" before crossing the threshold of your house. And upon entering the living room, they will inevitably say, \"Buon giorno!\" or \"Buona sera!\" (depending on the time of day). It won't bother them in the slightest that the room is empty or even in darkness. Good manners are ingrained in Italians' DNA.", "image": "static/blog/habbits.jpg", "cover": "static/blog/cover_habbits.jpg", "publication_date": "2023-07-08"}}, {"model": "login.userprofile", "pk": 3, "fields": {"user": 1, "avatar": "static/avatars/test_avatar.jpg"}}, {"model": "social_django.usersocialauth", "pk": 1, "fields": {"user": 6, "provider": "github", "uid": "115411700", "extra_data": "{\"auth_time\": 1688069933, \"id\": 115411700, \"expires\": null, \"login\": \"NovikovAndrei\", \"access_token\": \"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\", \"token_type\": \"bearer\"}", "created": "2023-06-29T20:17:21.112Z", "modified": "2023-06-29T20:18:53.358Z"}}]